{
  "experiment_name": "dbscan_fasttext_2086",
  "n_documents": 2086,
  "n_features": 300,
  "n_clusters_found": 1,
  "metrics": {
    "silhouette": 0.9563097953796387,
    "davies_bouldin": 0.3799206150321012,
    "calinski_harabasz": 125.44178649069156
  },
  "objective": null,
  "cluster_sizes": {
    "-1": 2,
    "0": 2084
  },
  "interpretation": {
    "cluster_terms": {
      "-1": [
        [
          "ft_187",
          0.3694862425327301
        ],
        [
          "ft_118",
          0.20908896625041962
        ],
        [
          "ft_175",
          0.1916588693857193
        ],
        [
          "ft_201",
          0.11103633791208267
        ],
        [
          "ft_210",
          0.10926026105880737
        ],
        [
          "ft_81",
          0.09650328755378723
        ],
        [
          "ft_273",
          0.09546396136283875
        ],
        [
          "ft_280",
          0.0939813032746315
        ],
        [
          "ft_191",
          0.09198174625635147
        ],
        [
          "ft_275",
          0.08963637053966522
        ]
      ],
      "0": [
        [
          "ft_187",
          0.19872212409973145
        ],
        [
          "ft_62",
          0.1208517849445343
        ],
        [
          "ft_210",
          0.10844021290540695
        ],
        [
          "ft_223",
          0.10836971551179886
        ],
        [
          "ft_271",
          0.09931805729866028
        ],
        [
          "ft_129",
          0.09299948811531067
        ],
        [
          "ft_227",
          0.08467467874288559
        ],
        [
          "ft_18",
          0.08096111565828323
        ],
        [
          "ft_16",
          0.0782342180609703
        ],
        [
          "ft_191",
          0.07545621693134308
        ]
      ]
    },
    "metadata": {
      "interpreter": "tfidf",
      "top_n_terms": 10,
      "uses_original_features": false,
      "uses_original_feature_names": false,
      "labels_true_provided": false
    }
  },
  "elapsed_seconds": 63.27323150000029
}