{
  "experiment_name": "dbscan_fasttext_2086",
  "n_documents": 2086,
  "n_features": 300,
  "n_clusters_found": 1,
  "metrics": {
    "silhouette": 0.7252406477928162,
    "davies_bouldin": 0.3881564533500855,
    "calinski_harabasz": 6.3451739456215845
  },
  "objective": null,
  "cluster_sizes": {
    "-1": 1,
    "0": 2085
  },
  "interpretation": {
    "cluster_terms": {
      "-1": [
        [
          "infrared",
          0.6895052790641785
        ],
        [
          "biomedical",
          0.666318953037262
        ],
        [
          "imaging",
          0.2839040458202362
        ],
        [
          "006",
          0.0
        ],
        [
          "005",
          0.0
        ],
        [
          "0003",
          0.0
        ],
        [
          "000",
          0.0
        ],
        [
          "001",
          0.0
        ],
        [
          "007",
          0.0
        ],
        [
          "002",
          0.0
        ]
      ],
      "0": [
        [
          "imaging",
          0.0471142902970314
        ],
        [
          "tissue",
          0.028417343273758888
        ],
        [
          "based",
          0.021848632022738457
        ],
        [
          "optical",
          0.01919659785926342
        ],
        [
          "method",
          0.01915406994521618
        ],
        [
          "clinical",
          0.018539803102612495
        ],
        [
          "analysis",
          0.018337560817599297
        ],
        [
          "high",
          0.017637375742197037
        ],
        [
          "classification",
          0.01751617342233658
        ],
        [
          "skin",
          0.017268439754843712
        ]
      ]
    },
    "metadata": {
      "interpreter": "tfidf",
      "top_n_terms": 10,
      "uses_original_features": true,
      "uses_original_feature_names": true,
      "labels_true_provided": false
    }
  },
  "elapsed_seconds": 48.708301499999834
}