{
  "experiment_name": "spectral_fasttext_2086",
  "n_documents": 2086,
  "n_features": 100,
  "n_clusters_found": 5,
  "metrics": {
    "silhouette": 0.15155474841594696,
    "davies_bouldin": 2.4350888802150257,
    "calinski_harabasz": 137.48326678570024
  },
  "objective": null,
  "cluster_sizes": {
    "0": 673,
    "1": 254,
    "2": 771,
    "3": 360,
    "4": 28
  },
  "interpretation": {
    "cluster_terms": {
      "0": [
        [
          "imaging",
          0.03750605136156082
        ],
        [
          "method",
          0.030672376975417137
        ],
        [
          "based",
          0.02980516292154789
        ],
        [
          "classification",
          0.028601324185729027
        ],
        [
          "medical",
          0.028088582679629326
        ],
        [
          "learning",
          0.027237119153141975
        ],
        [
          "information",
          0.02557503432035446
        ],
        [
          "segmentation",
          0.02462875097990036
        ],
        [
          "model",
          0.024605244398117065
        ],
        [
          "methods",
          0.02450740896165371
        ]
      ],
      "1": [
        [
          "patients",
          0.04683477804064751
        ],
        [
          "tissue",
          0.036668092012405396
        ],
        [
          "imaging",
          0.035704683512449265
        ],
        [
          "perfusion",
          0.03237387165427208
        ],
        [
          "study",
          0.03129592910408974
        ],
        [
          "clinical",
          0.025272196158766747
        ],
        [
          "lesions",
          0.023228107020258904
        ],
        [
          "skin",
          0.02251300774514675
        ],
        [
          "sensitivity",
          0.02104507014155388
        ],
        [
          "specificity",
          0.020845670253038406
        ]
      ],
      "2": [
        [
          "imaging",
          0.05239341780543327
        ],
        [
          "tissue",
          0.04172058030962944
        ],
        [
          "tumor",
          0.03189985826611519
        ],
        [
          "cancer",
          0.030916253104805946
        ],
        [
          "skin",
          0.030116243287920952
        ],
        [
          "clinical",
          0.025334913283586502
        ],
        [
          "vivo",
          0.023511379957199097
        ],
        [
          "cell",
          0.022251993417739868
        ],
        [
          "cells",
          0.02160922810435295
        ],
        [
          "detection",
          0.019800221547484398
        ]
      ],
      "3": [
        [
          "imaging",
          0.06246554106473923
        ],
        [
          "nm",
          0.04712687432765961
        ],
        [
          "optical",
          0.04322684556245804
        ],
        [
          "resolution",
          0.03542716056108475
        ],
        [
          "light",
          0.02896921895444393
        ],
        [
          "high",
          0.02889185957610607
        ],
        [
          "fluorescence",
          0.02476179413497448
        ],
        [
          "wavelength",
          0.024336330592632294
        ],
        [
          "raman",
          0.023689232766628265
        ],
        [
          "applications",
          0.02320641651749611
        ]
      ],
      "4": [
        [
          "burn",
          0.3860982358455658
        ],
        [
          "burns",
          0.13256819546222687
        ],
        [
          "wound",
          0.130123108625412
        ],
        [
          "wounds",
          0.12914545834064484
        ],
        [
          "depth",
          0.10588724911212921
        ],
        [
          "thickness",
          0.062189508229494095
        ],
        [
          "severity",
          0.05400791019201279
        ],
        [
          "partial",
          0.05332072824239731
        ],
        [
          "assessment",
          0.05190899968147278
        ],
        [
          "imaging",
          0.047275740653276443
        ]
      ]
    },
    "metadata": {
      "interpreter": "tfidf",
      "top_n_terms": 10,
      "uses_original_features": true,
      "uses_original_feature_names": true,
      "labels_true_provided": false
    }
  },
  "elapsed_seconds": 263.6119885999999
}