{
  "experiment_name": "spectral_tfidf_2086",
  "n_documents": 2086,
  "n_features": 100,
  "n_clusters_found": 10,
  "metrics": {
    "silhouette": 0.05597657710313797,
    "davies_bouldin": 2.642758667755797,
    "calinski_harabasz": 23.736874912037187
  },
  "objective": null,
  "cluster_sizes": {
    "0": 30,
    "1": 1530,
    "2": 95,
    "3": 35,
    "4": 18,
    "5": 16,
    "6": 15,
    "7": 248,
    "8": 68,
    "9": 31
  },
  "interpretation": {
    "cluster_terms": {
      "0": [
        [
          "burn",
          0.5172918438911438
        ],
        [
          "depth",
          0.15764495730400085
        ],
        [
          "wounds",
          0.12465288490056992
        ],
        [
          "wound",
          0.10653810203075409
        ],
        [
          "thickness",
          0.09138822555541992
        ],
        [
          "assessment",
          0.08088762313127518
        ],
        [
          "partial",
          0.07896270602941513
        ],
        [
          "severity",
          0.0786939337849617
        ],
        [
          "hyperspectral imaging",
          0.045563023537397385
        ],
        [
          "deep",
          0.04323793202638626
        ]
      ],
      "1": [
        [
          "spectral",
          0.05154529586434364
        ],
        [
          "image",
          0.04201522096991539
        ],
        [
          "images",
          0.04185850918292999
        ],
        [
          "tissue",
          0.04015662893652916
        ],
        [
          "multispectral",
          0.03650860860943794
        ],
        [
          "data",
          0.03616679459810257
        ],
        [
          "hyperspectral imaging",
          0.033438388258218765
        ],
        [
          "classification",
          0.030031297355890274
        ],
        [
          "method",
          0.029032137244939804
        ],
        [
          "skin",
          0.02823502942919731
        ]
      ],
      "2": [
        [
          "photoacoustic",
          0.19537708163261414
        ],
        [
          "pai",
          0.13690710067749023
        ],
        [
          "photoacoustic imaging",
          0.08311168849468231
        ],
        [
          "liver",
          0.08111156523227692
        ],
        [
          "thermal",
          0.07789772748947144
        ],
        [
          "pat",
          0.07595358043909073
        ],
        [
          "ultrasound",
          0.05701856687664986
        ],
        [
          "optical",
          0.05321261286735535
        ],
        [
          "vivo",
          0.041603174060583115
        ],
        [
          "tissue",
          0.04124043136835098
        ]
      ],
      "3": [
        [
          "wound",
          0.35625314712524414
        ],
        [
          "healing",
          0.257321298122406
        ],
        [
          "wound healing",
          0.148456409573555
        ],
        [
          "tissue",
          0.09721597284078598
        ],
        [
          "diabetic",
          0.09458977729082108
        ],
        [
          "wounds",
          0.07873407751321793
        ],
        [
          "oxygenation",
          0.06880035251379013
        ],
        [
          "perfusion",
          0.05930008366703987
        ],
        [
          "hyperspectral imaging",
          0.058546166867017746
        ],
        [
          "tissue oxygenation",
          0.05495501309633255
        ]
      ],
      "4": [
        [
          "tongue",
          0.728294849395752
        ],
        [
          "medicine",
          0.07703118771314621
        ],
        [
          "color",
          0.06845098733901978
        ],
        [
          "diagnosis",
          0.06465733796358109
        ],
        [
          "images",
          0.06078856438398361
        ],
        [
          "information",
          0.05519675835967064
        ],
        [
          "traditional",
          0.0480886809527874
        ],
        [
          "method",
          0.04680211842060089
        ],
        [
          "spectral",
          0.04544753208756447
        ],
        [
          "vector",
          0.04236609488725662
        ]
      ],
      "5": [
        [
          "flap",
          0.538758397102356
        ],
        [
          "perfusion",
          0.2115621268749237
        ],
        [
          "free",
          0.12667511403560638
        ],
        [
          "monitoring",
          0.10233116149902344
        ],
        [
          "tissue",
          0.10178712755441666
        ],
        [
          "index",
          0.08905010670423508
        ],
        [
          "sto",
          0.08801376819610596
        ],
        [
          "surgery",
          0.07428231090307236
        ],
        [
          "hyperspectral imaging",
          0.06904976814985275
        ],
        [
          "hemoglobin",
          0.06899049878120422
        ]
      ],
      "6": [
        [
          "tensor",
          0.5863580107688904
        ],
        [
          "low",
          0.11228957027196884
        ],
        [
          "matrix",
          0.09710216522216797
        ],
        [
          "data",
          0.08547355979681015
        ],
        [
          "dimensionality",
          0.07871353626251221
        ],
        [
          "medical hyperspectral",
          0.06544605642557144
        ],
        [
          "proposed",
          0.06243431568145752
        ],
        [
          "medical",
          0.061043042689561844
        ],
        [
          "framework",
          0.06075610592961311
        ],
        [
          "images",
          0.05935371667146683
        ]
      ],
      "7": [
        [
          "cells",
          0.08748721331357956
        ],
        [
          "cell",
          0.08497928828001022
        ],
        [
          "msot",
          0.0806291475892067
        ],
        [
          "optoacoustic",
          0.07640030980110168
        ],
        [
          "melanoma",
          0.06364268809556961
        ],
        [
          "tumor",
          0.061685532331466675
        ],
        [
          "cancer",
          0.05682801455259323
        ],
        [
          "immune",
          0.04759371280670166
        ],
        [
          "tomography",
          0.045241791754961014
        ],
        [
          "breast",
          0.04476357251405716
        ]
      ],
      "8": [
        [
          "raman",
          0.39980047941207886
        ],
        [
          "srs",
          0.11511578410863876
        ],
        [
          "raman scattering",
          0.09714539349079132
        ],
        [
          "microscopy",
          0.08408137410879135
        ],
        [
          "scattering",
          0.07831530272960663
        ],
        [
          "spectral",
          0.05895895138382912
        ],
        [
          "cells",
          0.054605502635240555
        ],
        [
          "chemical",
          0.05363752692937851
        ],
        [
          "spectroscopy",
          0.05119999125599861
        ],
        [
          "label",
          0.04755793511867523
        ]
      ],