{
  "experiment_name": "spectral_tfidf_2086",
  "n_documents": 2086,
  "n_features": 100,
  "n_clusters_found": 20,
  "metrics": {
    "silhouette": 0.11032392084598541,
    "davies_bouldin": 2.603746602659673,
    "calinski_harabasz": 28.54055405437507
  },
  "objective": null,
  "cluster_sizes": {
    "0": 50,
    "1": 19,
    "2": 104,
    "3": 34,
    "4": 921,
    "5": 71,
    "6": 33,
    "7": 28,
    "8": 27,
    "9": 29,
    "10": 30,
    "11": 26,
    "12": 67,
    "13": 321,
    "14": 81,
    "15": 52,
    "16": 73,
    "17": 18,
    "18": 66,
    "19": 36
  },
  "interpretation": {
    "cluster_terms": {
      "0": [
        [
          "fluorescence",
          0.27105653285980225
        ],
        [
          "flim",
          0.18170487880706787
        ],
        [
          "lifetime",
          0.15974563360214233
        ],
        [
          "fluorescence imaging",
          0.07783285528421402
        ],
        [
          "oral",
          0.06733167171478271
        ],
        [
          "autofluorescence",
          0.06639350950717926
        ],
        [
          "multispectral",
          0.06230388581752777
        ],
        [
          "vivo",
          0.061152711510658264
        ],
        [
          "tissue",
          0.05240835249423981
        ],
        [
          "detection",
          0.04627498611807823
        ]
      ],
      "1": [
        [
          "tongue",
          0.7058106660842896
        ],
        [
          "medicine",
          0.07297691702842712
        ],
        [
          "color",
          0.06484830379486084
        ],
        [
          "diagnosis",
          0.06125431880354881
        ],
        [
          "images",
          0.0593142956495285
        ],
        [
          "information",
          0.054440680891275406
        ],
        [
          "segmentation",
          0.05008654668927193
        ],
        [
          "method",
          0.046382106840610504
        ],
        [
          "traditional",
          0.045557696372270584
        ],
        [
          "spectral",
          0.04305555671453476
        ]
      ],
      "2": [
        [
          "brain",
          0.13272050023078918
        ],
        [
          "mri",
          0.12001959979534149
        ],
        [
          "segmentation",
          0.11529719829559326
        ],
        [
          "magnetic",
          0.09836968034505844
        ],
        [
          "ms",
          0.08972842246294022
        ],
        [
          "mr",
          0.08502531796693802
        ],
        [
          "magnetic resonance",
          0.0807756632566452
        ],
        [
          "resonance",
          0.07918160408735275
        ],
        [
          "images",
          0.06884276121854782
        ],
        [
          "multispectral",
          0.059051599353551865
        ]
      ],
      "3": [
        [
          "wound",
          0.3667312264442444
        ],
        [
          "healing",
          0.26488953828811646
        ],
        [
          "wound healing",
          0.15282277762889862
        ],
        [
          "tissue",
          0.09330049157142639
        ],
        [
          "diabetic",
          0.08697080612182617
        ],
        [
          "wounds",
          0.08104978501796722
        ],
        [
          "oxygenation",
          0.07082389295101166
        ],
        [
          "perfusion",
          0.061044201254844666
        ],
        [
          "hyperspectral imaging",
          0.05886673182249069
        ],
        [
          "tissue oxygenation",
          0.05657133460044861
        ]
      ],
      "4": [
        [
          "spectral",
          0.05500015616416931
        ],
        [
          "image",
          0.04068375006318092
        ],
        [
          "multispectral",
          0.040505826473236084
        ],
        [
          "tissue",
          0.04000195860862732
        ],
        [
          "optical",
          0.03968212008476257
        ],
        [
          "images",
          0.03529251739382744
        ],
        [
          "hyperspectral imaging",
          0.03289831802248955
        ],
        [
          "data",
          0.03050372563302517
        ],
        [
          "high",
          0.030063748359680176
        ],
        [
          "applications",
          0.029481159523129463
        ]
      ],
      "5": [
        [
          "raman",
          0.3886168301105499
        ],
        [
          "srs",
          0.11025173217058182
        ],
        [
          "raman scattering",
          0.09432653337717056
        ],
        [
          "scattering",
          0.08428579568862915
        ],
        [
          "microscopy",
          0.0842796191573143
        ],
        [
          "cells",
          0.05720089003443718
        ],
        [
          "spectral",
          0.05646771937608719
        ],
        [
          "chemical",
          0.05252488702535629
        ],
        [
          "spectroscopy",
          0.05040430650115013
        ],
        [
          "free",
          0.05037897825241089
        ]
      ],
      "6": [
        [
          "liver",
          0.2741891145706177
        ],
        [
          "thermal",
          0.24118037521839142
        ],
        [
          "index",
          0.04315811023116112
        ],
        [
          "tissue",
          0.04302290827035904
        ],
        [
          "infrared",
          0.04078225791454315
        ],
        [
          "spectral",
          0.03890220820903778
        ],
        [
          "hyperspectral imaging",
          0.03729972988367081
        ],
        [
          "treatment",
          0.036848269402980804
        ],
        [
          "kidney",
          0.03468789532780647
        ],
        [
          "assessment",
          0.034225814044475555
        ]
      ],
      "7": [
        [
          "retinal",
          0.3715638518333435
        ],
        [
          "fundus",
          0.1935683637857437
        ],
        [
          "spectral",
          0.08046463876962662
        ],
        [
          "disease",
          0.05785583704710007
        ],
        [
          "camera",
          0.05168638005852699
        ],
        [
          "images",
          0.05132635682821274
        ],
        [
          "nm",
          0.049793142825365067
        ],
        [
          "multimodal",
          0.04834354668855667
        ],
        [
          "oxygen",
          0.04417375475168228
        ],
        [
          "saturation",
          0.04267044737935066
        ]
      ],
      "8": [
        [
          "pa",
          0.438331663608551
        ],
        [
          "pa imaging",
          0.2535868287086487
        ],
        [
          "photoacoustic",
          0.15013282001018524
        ],
        [
          "ultrasound",
          0.06383181363344193
        ],
        [
          "tumor",
          0.056251879781484604
        ],
        [
          "contrast",
          0.05063018202781677
        ],
        [
          "photoacoustic imaging",
          0.045165784657001495
        ],
        [
          "molecular",
          0.04358654469251633
        ],
        [
          "optical",
          0.04009433090686798
        ],
        [
          "breast",
          0.03995175659656525
        ]
      ],