{
  "experiment_name": "kmeans_fasttext_2086",
  "seed": 8938,
  "n_documents": 2086,
  "n_features": 100,
  "n_clusters_found": 5,
  "metrics": {
    "silhouette": 0.1677328646183014,
    "davies_bouldin": 2.176001067728919,
    "calinski_harabasz": 146.91612881229736
  },
  "objective": 105.82369995117188,
  "cluster_sizes": {
    "0": 3,
    "1": 417,
    "2": 596,
    "3": 329,
    "4": 741
  },
  "selected_metric": "multi_criteria",
  "interpretation": {
    "cluster_terms": {
      "0": [
        [
          "biomedical",
          0.3035667836666107
        ],
        [
          "fluorescence",
          0.26123160123825073
        ],
        [
          "infrared",
          0.22983509302139282
        ],
        [
          "imaging",
          0.2242848426103592
        ],
        [
          "paradigms",
          0.19741272926330566
        ],
        [
          "opening",
          0.1907017081975937
        ],
        [
          "medical",
          0.1839979737997055
        ],
        [
          "photoacoustic",
          0.11069473624229431
        ],
        [
          "tomography",
          0.09760260581970215
        ],
        [
          "new",
          0.07843532413244247
        ]
      ],
      "1": [
        [
          "imaging",
          0.061289817094802856
        ],
        [
          "nm",
          0.040558911859989166
        ],
        [
          "optical",
          0.04010455310344696
        ],
        [
          "resolution",
          0.033010322600603104
        ],
        [
          "high",
          0.028702612966299057
        ],
        [
          "fluorescence",
          0.027782198041677475
        ],
        [
          "light",
          0.025437943637371063
        ],
        [
          "microscopy",
          0.022615309804677963
        ],
        [
          "applications",
          0.022549457848072052
        ],
        [
          "based",
          0.022430533543229103
        ]
      ],
      "2": [
        [
          "imaging",
          0.05212743580341339
        ],
        [
          "tissue",
          0.046086594462394714
        ],
        [
          "tumor",
          0.03810368478298187
        ],
        [
          "cancer",
          0.033603519201278687
        ],
        [
          "skin",
          0.028721950948238373
        ],
        [
          "clinical",
          0.026334214955568314
        ],
        [
          "vivo",
          0.02418414130806923
        ],
        [
          "cell",
          0.023007597774267197
        ],
        [
          "cells",
          0.021525509655475616
        ],
        [
          "perfusion",
          0.019596923142671585
        ]
      ],
      "3": [
        [
          "patients",
          0.04136122763156891
        ],
        [
          "imaging",
          0.03606897220015526
        ],
        [
          "tissue",
          0.03411499410867691
        ],
        [
          "study",
          0.029358526691794395
        ],
        [
          "clinical",
          0.024614928290247917
        ],
        [
          "perfusion",
          0.02395511418581009
        ],
        [
          "classification",
          0.02287607640028
        ],
        [
          "skin",
          0.02176785096526146
        ],
        [
          "lesions",
          0.021313395351171494
        ],
        [
          "nm",
          0.020766863599419594
        ]
      ],
      "4": [
        [
          "imaging",
          0.03961113840341568
        ],
        [
          "method",
          0.02952217310667038
        ],
        [
          "based",
          0.028981860727071762
        ],
        [
          "classification",
          0.02808060124516487
        ],
        [
          "medical",
          0.025927966460585594
        ],
        [
          "learning",
          0.025505881756544113
        ],
        [
          "segmentation",
          0.02477620169520378
        ],
        [
          "information",
          0.02454243414103985
        ],
        [
          "methods",
          0.02423456870019436
        ],
        [
          "proposed",
          0.023394636809825897
        ]
      ]
    },
    "metadata": {
      "interpreter": "tfidf",
      "top_n_terms": 10,
      "uses_original_features": true,
      "uses_original_feature_names": true,
      "labels_true_provided": false
    }
  },
  "elapsed_seconds": 137.18414559999928
}