{
  "experiment_name": "kmeans_fasttext_2086",
  "seed": 4039,
  "n_documents": 2086,
  "n_features": 100,
  "n_clusters_found": 5,
  "metrics": {
    "silhouette": 0.16747154295444489,
    "davies_bouldin": 2.0845118570592236,
    "calinski_harabasz": 143.1266675616661
  },
  "objective": 106.42819213867188,
  "cluster_sizes": {
    "0": 1,
    "1": 415,
    "2": 594,
    "3": 747,
    "4": 329
  },
  "selected_metric": "multi_criteria",
  "interpretation": {
    "cluster_terms": {
      "0": [
        [
          "smartphones",
          0.5729697942733765
        ],
        [
          "healthcare",
          0.42028355598449707
        ],
        [
          "complementing",
          0.31673699617385864
        ],
        [
          "mobile",
          0.2652950882911682
        ],
        [
          "turn",
          0.25623276829719543
        ],
        [
          "opportunity",
          0.25109216570854187
        ],
        [
          "represents",
          0.20650261640548706
        ],
        [
          "world",
          0.20650261640548706
        ],
        [
          "ai",
          0.2056383490562439
        ],
        [
          "tools",
          0.17130431532859802
        ]
      ],
      "1": [
        [
          "imaging",
          0.06240366771817207
        ],
        [
          "nm",
          0.04063812643289566
        ],
        [
          "optical",
          0.03990207239985466
        ],
        [
          "resolution",
          0.03316940739750862
        ],
        [
          "high",
          0.028755996376276016
        ],
        [
          "fluorescence",
          0.027648599818348885
        ],
        [
          "light",
          0.0255605336278677
        ],
        [
          "microscopy",
          0.022724293172359467
        ],
        [
          "applications",
          0.022658132016658783
        ],
        [
          "infrared",
          0.022388238459825516
        ]
      ],
      "2": [
        [
          "imaging",
          0.05256494879722595
        ],
        [
          "tissue",
          0.04612047225236893
        ],
        [
          "tumor",
          0.037940144538879395
        ],
        [
          "cancer",
          0.033712420612573624
        ],
        [
          "skin",
          0.028818653896450996
        ],
        [
          "clinical",
          0.026317181065678596
        ],
        [
          "vivo",
          0.02442440576851368
        ],
        [
          "cell",
          0.023085065186023712
        ],
        [
          "cells",
          0.02135946787893772
        ],
        [
          "perfusion",
          0.019662907347083092
        ]
      ],
      "3": [
        [
          "imaging",
          0.039463240653276443
        ],
        [
          "method",
          0.02996385283768177
        ],
        [
          "based",
          0.02904769405722618
        ],
        [
          "classification",
          0.028305206447839737
        ],
        [
          "medical",
          0.025898784399032593
        ],
        [
          "learning",
          0.025357896462082863
        ],
        [
          "information",
          0.02462971769273281
        ],
        [
          "segmentation",
          0.024577194824814796
        ],
        [
          "methods",
          0.024235013872385025
        ],
        [
          "proposed",
          0.023514274507761
        ]
      ],
      "4": [
        [
          "patients",
          0.04136122763156891
        ],
        [
          "imaging",
          0.03606897220015526
        ],
        [
          "tissue",
          0.03411499410867691
        ],
        [
          "study",
          0.029358526691794395
        ],
        [
          "clinical",
          0.024614928290247917
        ],
        [
          "perfusion",
          0.02395511418581009
        ],
        [
          "classification",
          0.02287607640028
        ],
        [
          "skin",
          0.02176785096526146
        ],
        [
          "lesions",
          0.021313395351171494
        ],
        [
          "nm",
          0.020766863599419594
        ]
      ]
    },
    "metadata": {
      "interpreter": "tfidf",
      "top_n_terms": 10,
      "uses_original_features": true,
      "uses_original_feature_names": true,
      "labels_true_provided": false
    }
  },
  "elapsed_seconds": 146.56026479999855
}