{
  "experiment_name": "kmeans_tfidf",
  "seed": 580,
  "n_documents": 41,
  "n_features": 41,
  "n_clusters_found": 8,
  "metrics": {
    "silhouette": 0.06905350834131241,
    "davies_bouldin": 2.096991322463374,
    "calinski_harabasz": 2.1715459094181924
  },
  "objective": 23.30550193786621,
  "cluster_sizes": {
    "0": 3,
    "1": 5,
    "2": 4,
    "3": 5,
    "4": 9,
    "5": 7,
    "6": 2,
    "7": 6
  },
  "selected_metric": "silhouette",
  "interpretation": {
    "cluster_terms": {
      "0": [
        [
          "clinical",
          0.2767549753189087
        ],
        [
          "perfusion",
          0.2761485278606415
        ],
        [
          "surgery",
          0.2071066051721573
        ],
        [
          "gastrointestinal",
          0.17457537353038788
        ],
        [
          "promising",
          0.17271803319454193
        ],
        [
          "results",
          0.1678711324930191
        ],
        [
          "spectral imaging",
          0.16251538693904877
        ],
        [
          "main",
          0.12858641147613525
        ],
        [
          "systems",
          0.12093093991279602
        ],
        [
          "article",
          0.11215275526046753
        ]
      ],
      "1": [
        [
          "tissue",
          0.26860350370407104
        ],
        [
          "biological",
          0.23360398411750793
        ],
        [
          "high",
          0.13752196729183197
        ],
        [
          "different",
          0.1294064074754715
        ],
        [
          "resolution",
          0.1289675533771515
        ],
        [
          "brain",
          0.11812660843133926
        ],
        [
          "proposed",
          0.1096993237733841
        ],
        [
          "guidance",
          0.10551156848669052
        ],
        [
          "images",
          0.09630539268255234
        ],
        [
          "used",
          0.09378324449062347
        ]
      ],
      "2": [
        [
          "patients",
          0.33199888467788696
        ],
        [
          "measurements",
          0.20633235573768616
        ],
        [
          "studies",
          0.1850687563419342
        ],
        [
          "systems",
          0.1754888892173767
        ],
        [
          "vivo",
          0.16847491264343262
        ],
        [
          "tissue",
          0.16060391068458557
        ],
        [
          "small",
          0.12842005491256714
        ],
        [
          "current",
          0.12582510709762573
        ],
        [
          "performed",
          0.09701719880104065
        ],
        [
          "lesions",
          0.08871419727802277
        ]
      ],
      "3": [
        [
          "multispectral",
          0.2733786404132843
        ],
        [
          "lesions",
          0.1985071450471878
        ],
        [
          "vision",
          0.17950353026390076
        ],
        [
          "multispectral imaging",
          0.1481611579656601
        ],
        [
          "capabilities",
          0.13768023252487183
        ],
        [
          "skin",
          0.1353069245815277
        ],
        [
          "hyperspectral multispectral",
          0.09887374937534332
        ],
        [
          "different",
          0.0942128375172615
        ],
        [
          "technique",
          0.09378378093242645
        ],
        [
          "limitations",
          0.09271229803562164
        ]
      ],
      "4": [
        [
          "cancer",
          0.21142862737178802
        ],
        [
          "studies",
          0.17034967243671417
        ],
        [
          "detection",
          0.14138264954090118
        ],
        [
          "accuracy",
          0.13738933205604553
        ],
        [
          "meta",
          0.11460354924201965
        ],
        [
          "meta analysis",
          0.11175934225320816
        ],
        [
          "sensitivity",
          0.1100085899233818
        ],
        [
          "skin",
          0.1019054651260376
        ],
        [
          "aided",
          0.10129475593566895
        ],
        [
          "computer aided",
          0.10129475593566895
        ]
      ],
      "5": [
        [
          "medical",
          0.4161231219768524
        ],
        [
          "learning",
          0.2650647461414337
        ],
        [
          "algorithms",
          0.10998393595218658
        ],
        [
          "research",
          0.10358665138483047
        ],
        [
          "medical applications",
          0.10252320766448975
        ],
        [
          "images",
          0.09506610780954361
        ],
        [
          "future",
          0.08695007115602493
        ],
        [
          "study",
          0.08580628782510757
        ],
        [
          "techniques",
          0.0835789367556572
        ],
        [
          "machine",
          0.08230596035718918
        ]
      ],
      "6": [
        [
          "disease",
          0.5644947290420532
        ],
        [
          "disorders",
          0.38356950879096985
        ],
        [
          "field",
          0.18619892001152039
        ],
        [
          "current",
          0.15843746066093445
        ],
        [
          "clinical",
          0.15339940786361694
        ],
        [
          "brain",
          0.1447315365076065
        ],
        [
          "early",
          0.1382063925266266
        ],
        [
          "approaches",
          0.13246245682239532
        ],
        [
          "diseases",
          0.13208262622356415
        ],
        [
          "significant",
          0.13208262622356415
        ]
      ],
      "7": [
        [
          "technology",
          0.2608208656311035
        ],
        [
          "information",
          0.18771934509277344
        ],
        [
          "spectroscopy",
          0.18247127532958984
        ],
        [
          "data",
          0.13455678522586823
        ],
        [
          "provides",
          0.12788473069667816
        ],
        [
          "recent",
          0.1227523609995842
        ],
        [
          "diagnosis",
          0.12194184213876724
        ],
        [
          "disease",
          0.10858559608459473
        ],
        [
          "based",
          0.09997937828302383
        ],
        [
          "use",
          0.09330346435308456
        ]
      ]
    },
    "metadata": {
      "interpreter": "tfidf",
      "top_n_terms": 10,
      "uses_original_features": true,
      "uses_original_feature_names": true,
      "labels_true_provided": false
    }
  }
}