{
  "experiment_name": "kmeans_tfidf",
  "seed": 97,
  "n_documents": 41,
  "n_features": 41,
  "n_clusters_found": 10,
  "metrics": {
    "silhouette": 0.06892172247171402,
    "davies_bouldin": 1.968354674659104,
    "calinski_harabasz": 2.0730763807090407
  },
  "objective": 21.250747680664062,
  "cluster_sizes": {
    "0": 5,
    "1": 4,
    "2": 4,
    "3": 4,
    "4": 6,
    "5": 6,
    "6": 2,
    "7": 5,
    "8": 3,
    "9": 2
  },
  "selected_metric": "silhouette",
  "interpretation": {
    "cluster_terms": {
      "0": [
        [
          "cancer",
          0.3466951251029968
        ],
        [
          "accuracy",
          0.1892331838607788
        ],
        [
          "aided",
          0.18233056366443634
        ],
        [
          "computer aided",
          0.18233056366443634
        ],
        [
          "computer",
          0.1645251214504242
        ],
        [
          "detection",
          0.1552368700504303
        ],
        [
          "diagnostic",
          0.15179769694805145
        ],
        [
          "sensitivity",
          0.15156708657741547
        ],
        [
          "studies",
          0.13269132375717163
        ],
        [
          "skin",
          0.12872061133384705
        ]
      ],
      "1": [
        [
          "technology",
          0.18740874528884888
        ],
        [
          "spectral imaging",
          0.18497464060783386
        ],
        [
          "data",
          0.17334112524986267
        ],
        [
          "surgery",
          0.14614033699035645
        ],
        [
          "information",
          0.14409345388412476
        ],
        [
          "provides",
          0.13897748291492462
        ],
        [
          "gastrointestinal",
          0.136179119348526
        ],
        [
          "diseases",
          0.13443273305892944
        ],
        [
          "diagnosis",
          0.127033531665802
        ],
        [
          "tissue",
          0.12557615339756012
        ]
      ],
      "2": [
        [
          "learning",
          0.41566184163093567
        ],
        [
          "medical",
          0.29762840270996094
        ],
        [
          "images",
          0.16636568307876587
        ],
        [
          "algorithms",
          0.15959838032722473
        ],
        [
          "techniques",
          0.14626313745975494
        ],
        [
          "image",
          0.12640903890132904
        ],
        [
          "data",
          0.11798225343227386
        ],
        [
          "various",
          0.10705633461475372
        ],
        [
          "machine",
          0.10017307102680206
        ],
        [
          "systems",
          0.09833031892776489
        ]
      ],
      "3": [
        [
          "color",
          0.21261484920978546
        ],
        [
          "lesions",
          0.19505490362644196
        ],
        [
          "patients",
          0.18540407717227936
        ],
        [
          "skin",
          0.18323341012001038
        ],
        [
          "detection",
          0.16318833827972412
        ],
        [
          "small",
          0.15179136395454407
        ],
        [
          "light",
          0.1503034085035324
        ],
        [
          "studies",
          0.11603468656539917
        ],
        [
          "used",
          0.11022508144378662
        ],
        [
          "meta",
          0.0955936536192894
        ]
      ],
      "4": [
        [
          "multispectral",
          0.19960884749889374
        ],
        [
          "vision",
          0.17657364904880524
        ],
        [
          "technology",
          0.14944390952587128
        ],
        [
          "capabilities",
          0.1343437284231186
        ],
        [
          "lesions",
          0.1121518686413765
        ],
        [
          "multispectral imaging",
          0.10815472155809402
        ],
        [
          "different",
          0.10611740499734879
        ],
        [
          "based",
          0.10011127591133118
        ],
        [
          "field",
          0.09853572398424149
        ],
        [
          "limitations",
          0.0959324836730957
        ]
      ],
      "5": [
        [
          "perfusion",
          0.19342947006225586
        ],
        [
          "studies",
          0.1889721304178238
        ],
        [
          "systems",
          0.17745806276798248
        ],
        [
          "patients",
          0.1531348079442978
        ],
        [
          "clinical",
          0.14979764819145203
        ],
        [
          "vivo",
          0.14649958908557892
        ],
        [
          "measurements",
          0.13755489885807037
        ],
        [
          "literature",
          0.13564318418502808
        ],
        [
          "tissue",
          0.11676468700170517
        ],
        [
          "surgical",
          0.11459624767303467
        ]
      ],
      "6": [
        [
          "disease",
          0.5644947290420532
        ],
        [
          "disorders",
          0.38356950879096985
        ],
        [
          "field",
          0.18619892001152039
        ],
        [
          "current",
          0.15843746066093445
        ],
        [
          "clinical",
          0.15339940786361694
        ],
        [
          "brain",
          0.1447315365076065
        ],
        [
          "early",
          0.1382063925266266
        ],
        [
          "approaches",
          0.13246245682239532
        ],
        [
          "diseases",
          0.13208262622356415
        ],
        [
          "significant",
          0.13208262622356415
        ]
      ],
      "7": [
        [
          "biological",
          0.25440287590026855
        ],
        [
          "tissue",
          0.22350063920021057
        ],
        [
          "brain",
          0.20550139248371124
        ],
        [
          "high",
          0.152897447347641
        ],
        [
          "resolution",
          0.1497664600610733
        ],
        [
          "information",
          0.14714433252811432
        ],
        [
          "proposed",
          0.13154301047325134
        ],
        [
          "tissues",
          0.10361512005329132
        ],
        [
          "images",
          0.09630539268255234
        ],
        [
          "different",
          0.0962783545255661
        ]
      ],
      "8": [
        [
          "medical",
          0.5741161704063416
        ],
        [
          "medical applications",
          0.23922081291675568
        ],
        [
          "research",
          0.1543179154396057
        ],
        [
          "challenges",
          0.13852716982364655
        ],
        [
          "clinical",
          0.13571332395076752
        ],
        [
          "limitations",
          0.12406790256500244
        ],
        [
          "field",
          0.12219184637069702
        ],
        [
          "future",
          0.11389797925949097
        ],
        [
          "study",
          0.10022153705358505
        ],
        [
          "technology",
          0.09336364269256592
        ]
      ],