{
  "experiment_name": "kmeans_tfidf",
  "seed": 592,
  "n_documents": 41,
  "n_features": 41,
  "n_clusters_found": 8,
  "metrics": {
    "silhouette": 0.0675547793507576,
    "davies_bouldin": 2.0575568203812598,
    "calinski_harabasz": 2.2249134935888386
  },
  "objective": 22.781394958496094,
  "cluster_sizes": {
    "0": 7,
    "1": 8,
    "2": 8,
    "3": 4,
    "4": 2,
    "5": 7,
    "6": 2,
    "7": 3
  },
  "selected_metric": "silhouette",
  "interpretation": {
    "cluster_terms": {
      "0": [
        [
          "medical",
          0.3948630392551422
        ],
        [
          "learning",
          0.25932997465133667
        ],
        [
          "hsi",
          0.2058851569890976
        ],
        [
          "algorithms",
          0.10806099325418472
        ],
        [
          "research",
          0.10079634189605713
        ],
        [
          "medical applications",
          0.09376690536737442
        ],
        [
          "images",
          0.09375972300767899
        ],
        [
          "future",
          0.08322489261627197
        ],
        [
          "techniques",
          0.08288193494081497
        ],
        [
          "study",
          0.08238542079925537
        ]
      ],
      "1": [
        [
          "technology",
          0.2072584629058838
        ],
        [
          "information",
          0.15301290154457092
        ],
        [
          "tissue",
          0.131089448928833
        ],
        [
          "data",
          0.1138487458229065
        ],
        [
          "high",
          0.11051617562770844
        ],
        [
          "spectral imaging",
          0.10797561705112457
        ],
        [
          "provides",
          0.0960061103105545
        ],
        [
          "recent",
          0.092064268887043
        ],
        [
          "diagnosis",
          0.09145638346672058
        ],
        [
          "spectra",
          0.08972828090190887
        ]
      ],
      "2": [
        [
          "hsi",
          0.41039541363716125
        ],
        [
          "tissue",
          0.19254429638385773
        ],
        [
          "systems",
          0.15021754801273346
        ],
        [
          "different",
          0.10312242060899734
        ],
        [
          "current",
          0.09872601181268692
        ],
        [
          "capabilities",
          0.09835333377122879
        ],
        [
          "surgical",
          0.09809862077236176
        ],
        [
          "measurements",
          0.09472335129976273
        ],
        [
          "studies",
          0.09324099868535995
        ],
        [
          "guidance",
          0.0924566388130188
        ]
      ],
      "3": [
        [
          "multispectral",
          0.35182705521583557
        ],
        [
          "lesions",
          0.24813392758369446
        ],
        [
          "skin",
          0.16913364827632904
        ],
        [
          "multispectral imaging",
          0.15121248364448547
        ],
        [
          "level",
          0.10555344074964523
        ],
        [
          "systematic",
          0.1009729653596878
        ],
        [
          "technique",
          0.09311380982398987
        ],
        [
          "literature",
          0.09065967798233032
        ],
        [
          "hyperspectral multispectral",
          0.08417844772338867
        ],
        [
          "based",
          0.07815954834222794
        ]
      ],
      "4": [
        [
          "disease",
          0.5644947290420532
        ],
        [
          "disorders",
          0.38356950879096985
        ],
        [
          "field",
          0.18619892001152039
        ],
        [
          "current",
          0.15843746066093445
        ],
        [
          "clinical",
          0.15339940786361694
        ],
        [
          "brain",
          0.1447315365076065
        ],
        [
          "early",
          0.1382063925266266
        ],
        [
          "approaches",
          0.13246245682239532
        ],
        [
          "diseases",
          0.13208262622356415
        ],
        [
          "significant",
          0.13208262622356415
        ]
      ],
      "5": [
        [
          "cancer",
          0.26500895619392395
        ],
        [
          "hsi",
          0.17986629903316498
        ],
        [
          "accuracy",
          0.14265023171901703
        ],
        [
          "skin",
          0.14166080951690674
        ],
        [
          "aided",
          0.12780024111270905
        ],
        [
          "computer aided",
          0.12780024111270905
        ],
        [
          "computer",
          0.12554238736629486
        ],
        [
          "detection",
          0.11796628683805466
        ],
        [
          "diagnostic",
          0.11467600613832474
        ],
        [
          "color",
          0.11179802566766739
        ]
      ],
      "6": [
        [
          "patients",
          0.3708081543445587
        ],
        [
          "small",
          0.25551414489746094
        ],
        [
          "studies",
          0.23206937313079834
        ],
        [
          "lesions",
          0.23029755055904388
        ],
        [
          "detection",
          0.22909598052501678
        ],
        [
          "color",
          0.1621987372636795
        ],
        [
          "spectral imaging",
          0.1621987372636795
        ],
        [
          "improvement",
          0.15860746800899506
        ],
        [
          "significant",
          0.15300774574279785
        ],
        [
          "meta analysis",
          0.1503080129623413
        ]
      ],
      "7": [
        [
          "spectroscopy",
          0.3438171446323395
        ],
        [
          "use",
          0.3066820204257965
        ],
        [
          "biological",
          0.2193557173013687
        ],
        [
          "images",
          0.16050899028778076
        ],
        [
          "related",
          0.12941959500312805
        ],
        [
          "techniques",
          0.12584705650806427
        ],
        [
          "based",
          0.12584705650806427
        ],
        [
          "modalities",
          0.10186787694692612
        ],
        [
          "light",
          0.09653743356466293
        ],
        [
          "tissue",
          0.0936775729060173
        ]
      ]
    },
    "metadata": {
      "interpreter": "tfidf",
      "top_n_terms": 10,
      "uses_original_features": true,
      "uses_original_feature_names": true,
      "labels_true_provided": false
    }
  }
}