{
  "experiment_name": "hdbscan_fasttext_2086",
  "n_documents": 2086,
  "n_features": 100,
  "n_clusters_found": 2,
  "metrics": {
    "silhouette": 0.30456462502479553,
    "davies_bouldin": 3.467138268349481,
    "calinski_harabasz": 27.697547769836014
  },
  "objective": null,
  "cluster_sizes": {
    "-1": 167,
    "0": 1913,
    "1": 6
  },
  "interpretation": {
    "cluster_terms": {
      "-1": [
        [
          "imaging",
          0.0392480343580246
        ],
        [
          "nm",
          0.023053765296936035
        ],
        [
          "patients",
          0.020266368985176086
        ],
        [
          "ms",
          0.020216675475239754
        ],
        [
          "pa",
          0.019684845581650734
        ],
        [
          "3d",
          0.01905924081802368
        ],
        [
          "photoacoustic",
          0.018961144611239433
        ],
        [
          "lymph",
          0.015621638856828213
        ],
        [
          "clinical",
          0.015279898419976234
        ],
        [
          "skin",
          0.01526407990604639
        ]
      ],
      "0": [
        [
          "imaging",
          0.04799922928214073
        ],
        [
          "tissue",
          0.02962031587958336
        ],
        [
          "based",
          0.02285246178507805
        ],
        [
          "method",
          0.02016543038189411
        ],
        [
          "optical",
          0.019679732620716095
        ],
        [
          "analysis",
          0.019007550552487373
        ],
        [
          "clinical",
          0.018767913803458214
        ],
        [
          "classification",
          0.018230203539133072
        ],
        [
          "high",
          0.018062114715576172
        ],
        [
          "detection",
          0.017611555755138397
        ]
      ],
      "1": [
        [
          "twi",
          0.18930768966674805
        ],
        [
          "thi",
          0.18393464386463165
        ],
        [
          "flap",
          0.15906964242458344
        ],
        [
          "t2",
          0.12966671586036682
        ],
        [
          "sto2",
          0.1263846904039383
        ],
        [
          "perfusion",
          0.12375330179929733
        ],
        [
          "t3",
          0.12346982955932617
        ],
        [
          "nir",
          0.11776504665613174
        ],
        [
          "patients",
          0.10947539657354355
        ],
        [
          "tissue",
          0.10801909118890762
        ]
      ]
    },
    "metadata": {
      "interpreter": "tfidf",
      "top_n_terms": 10,
      "uses_original_features": true,
      "uses_original_feature_names": true,
      "labels_true_provided": false
    }
  },
  "elapsed_seconds": 266.28202389999933
}