{
  "experiment_name": "kmeans_tfidf_2086",
  "seed": 39,
  "n_documents": 2086,
  "n_features": 100,
  "n_clusters_found": 10,
  "metrics": {
    "silhouette": 0.10790888965129852,
    "davies_bouldin": 3.711762951884649,
    "calinski_harabasz": 41.786655119594755
  },
  "objective": 1517.4791259765625,
  "cluster_sizes": {
    "0": 133,
    "1": 80,
    "2": 134,
    "3": 393,
    "4": 122,
    "5": 112,
    "6": 364,
    "7": 108,
    "8": 89,
    "9": 551
  },
  "selected_metric": "silhouette",
  "interpretation": {
    "cluster_terms": {
      "0": [
        [
          "perfusion",
          0.19337329268455505
        ],
        [
          "wound",
          0.10984955728054047
        ],
        [
          "tissue",
          0.10337214916944504
        ],
        [
          "oxygenation",
          0.09642481803894043
        ],
        [
          "patients",
          0.08183979243040085
        ],
        [
          "healing",
          0.0771392434835434
        ],
        [
          "flap",
          0.0711362361907959
        ],
        [
          "hyperspectral imaging",
          0.0674024298787117
        ],
        [
          "tissue oxygenation",
          0.06109359487891197
        ],
        [
          "sto",
          0.05715351551771164
        ]
      ],
      "1": [
        [
          "raman",
          0.3689440190792084
        ],
        [
          "srs",
          0.10144484043121338
        ],
        [
          "raman scattering",
          0.08789226412773132
        ],
        [
          "microscopy",
          0.0826229453086853
        ],
        [
          "scattering",
          0.07297004759311676
        ],
        [
          "spectroscopy",
          0.05809108167886734
        ],
        [
          "spectral",
          0.057415686547756195
        ],
        [
          "cells",
          0.05597629025578499
        ],
        [
          "analysis",
          0.05335361883044243
        ],
        [
          "chemical",
          0.05010407418012619
        ]
      ],
      "2": [
        [
          "skin",
          0.28389081358909607
        ],
        [
          "melanoma",
          0.100727379322052
        ],
        [
          "lesions",
          0.07356533408164978
        ],
        [
          "spectral",
          0.044433362782001495
        ],
        [
          "lesion",
          0.04441137611865997
        ],
        [
          "multispectral",
          0.042536940425634384
        ],
        [
          "skin cancer",
          0.04022321477532387
        ],
        [
          "images",
          0.04015974700450897
        ],
        [
          "detection",
          0.03536513075232506
        ],
        [
          "diagnosis",
          0.034194428473711014
        ]
      ],
      "3": [
        [
          "image",
          0.07674078643321991
        ],
        [
          "classification",
          0.07031824439764023
        ],
        [
          "data",
          0.06502491980791092
        ],
        [
          "learning",
          0.06497872620820999
        ],
        [
          "spectral",
          0.06220052018761635
        ],
        [
          "images",
          0.06035283952951431
        ],
        [
          "deep",
          0.05008620023727417
        ],
        [
          "fusion",
          0.04951969161629677
        ],
        [
          "model",
          0.04890517517924309
        ],
        [
          "network",
          0.04784964397549629
        ]
      ],
      "4": [
        [
          "mri",
          0.13530901074409485
        ],
        [
          "brain",
          0.11321912705898285
        ],
        [
          "segmentation",
          0.11041965335607529
        ],
        [
          "magnetic",
          0.1016891598701477
        ],
        [
          "resonance",
          0.08747430145740509
        ],
        [
          "mr",
          0.08634909987449646
        ],
        [
          "magnetic resonance",
          0.08402654528617859
        ],
        [
          "images",
          0.07762884348630905
        ],
        [
          "multispectral",
          0.05488869920372963
        ],
        [
          "weighted",
          0.053809016942977905
        ]
      ],
      "5": [
        [
          "photoacoustic",
          0.23599262535572052
        ],
        [
          "pa",
          0.1273968368768692
        ],
        [
          "pai",
          0.1206074133515358
        ],
        [
          "photoacoustic imaging",
          0.09410382807254791
        ],
        [
          "ultrasound",
          0.0733269676566124
        ],
        [
          "pa imaging",
          0.06537271291017532
        ],
        [
          "pat",
          0.05596725270152092
        ],
        [
          "optical",
          0.053737323731184006
        ],
        [
          "tomography",
          0.04613513499498367
        ],
        [
          "vivo",
          0.04598677158355713
        ]
      ],
      "6": [
        [
          "spectral",
          0.08244770020246506
        ],
        [
          "multispectral",
          0.053532108664512634
        ],
        [
          "optical",
          0.05035950988531113
        ],
        [
          "applications",
          0.05026578530669212
        ],
        [
          "resolution",
          0.04583897441625595
        ],
        [
          "nm",
          0.04472317546606064
        ],
        [
          "high",
          0.04151216894388199
        ],
        [
          "light",
          0.039404742419719696
        ],
        [
          "image",
          0.03887055069208145
        ],
        [
          "biomedical",
          0.03764043748378754
        ]
      ],
      "7": [
        [
          "cells",
          0.19537851214408875
        ],
        [
          "cell",
          0.19517682492733002
        ],
        [
          "immune",
          0.11011061817407608
        ],
        [
          "tumor",
          0.07921109348535538
        ],
        [
          "cancer",
          0.06346550583839417
        ],
        [
          "pd",
          0.05627020075917244
        ],
        [
          "expression",
          0.05017310753464699
        ],
        [
          "single",
          0.04423442482948303
        ],
        [
          "patients",
          0.036303676664829254
        ],
        [
          "microscopy",
          0.03605981543660164
        ]
      ],
      "8": [
        [
          "optoacoustic",
          0.23072868585586548
        ],
        [
          "msot",
          0.2288035899400711
        ],
        [
          "optoacoustic tomography",
          0.12800905108451843
        ],
        [
          "multispectral optoacoustic",
          0.1252242475748062
        ],
        [
          "tomography",
          0.11946067214012146
        ],
        [
          "tomography msot",
          0.06961152702569962
        ],
        [
          "multispectral",
          0.06324773281812668
        ],
        [
          "tumor",
          0.05783432349562645
        ],
        [
          "contrast",
          0.04262830317020416
        ],
        [
          "nanoparticles",
          0.04210559278726578
        ]
      ],