{
  "experiment_name": "kmeans_tfidf_2086",
  "seed": 297,
  "n_documents": 2086,
  "n_features": 100,
  "n_clusters_found": 10,
  "metrics": {
    "silhouette": 0.10958269983530045,
    "davies_bouldin": 3.7165332560885966,
    "calinski_harabasz": 41.7749704180452
  },
  "objective": 1517.5443115234375,
  "cluster_sizes": {
    "0": 118,
    "1": 89,
    "2": 420,
    "3": 461,
    "4": 166,
    "5": 134,
    "6": 80,
    "7": 114,
    "8": 399,
    "9": 105
  },
  "selected_metric": "silhouette",
  "interpretation": {
    "cluster_terms": {
      "0": [
        [
          "mri",
          0.13819122314453125
        ],
        [
          "brain",
          0.11428997665643692
        ],
        [
          "magnetic",
          0.10513624548912048
        ],
        [
          "segmentation",
          0.10423571616411209
        ],
        [
          "resonance",
          0.09043952077627182
        ],
        [
          "mr",
          0.08927618712186813
        ],
        [
          "magnetic resonance",
          0.08687490224838257
        ],
        [
          "images",
          0.07587460428476334
        ],
        [
          "weighted",
          0.0556330531835556
        ],
        [
          "multispectral",
          0.055489394813776016
        ]
      ],
      "1": [
        [
          "optoacoustic",
          0.2314140647649765
        ],
        [
          "msot",
          0.22624818980693817
        ],
        [
          "optoacoustic tomography",
          0.12873098254203796
        ],
        [
          "multispectral optoacoustic",
          0.1251733899116516
        ],
        [
          "tomography",
          0.1200261041522026
        ],
        [
          "tomography msot",
          0.06873845309019089
        ],
        [
          "multispectral",
          0.06322445720434189
        ],
        [
          "tumor",
          0.05299700051546097
        ],
        [
          "nanoparticles",
          0.04210559278726578
        ],
        [
          "contrast",
          0.04198039695620537
        ]
      ],
      "2": [
        [
          "image",
          0.07490977644920349
        ],
        [
          "classification",
          0.07181386649608612
        ],
        [
          "data",
          0.06350157409906387
        ],
        [
          "spectral",
          0.0622396394610405
        ],
        [
          "learning",
          0.06134917959570885
        ],
        [
          "images",
          0.06077207997441292
        ],
        [
          "deep",
          0.046866368502378464
        ],
        [
          "model",
          0.04673058167099953
        ],
        [
          "fusion",
          0.046505920588970184
        ],
        [
          "network",
          0.04508976265788078
        ]
      ],
      "3": [
        [
          "tissue",
          0.07514394819736481
        ],
        [
          "cancer",
          0.05046762153506279
        ],
        [
          "fluorescence",
          0.0435168631374836
        ],
        [
          "multispectral",
          0.03550368919968605
        ],
        [
          "vivo",
          0.0351732075214386
        ],
        [
          "detection",
          0.034990761429071426
        ],
        [
          "hyperspectral imaging",
          0.03474898636341095
        ],
        [
          "spectral",
          0.03379705175757408
        ],
        [
          "optical",
          0.03348630666732788
        ],
        [
          "images",
          0.032155390828847885
        ]
      ],
      "4": [
        [
          "perfusion",
          0.15555056929588318
        ],
        [
          "wound",
          0.1001189574599266
        ],
        [
          "tissue",
          0.09367737919092178
        ],
        [
          "burn",
          0.09138663858175278
        ],
        [
          "oxygenation",
          0.07805393636226654
        ],
        [
          "patients",
          0.07228560745716095
        ],
        [
          "healing",
          0.06434731185436249
        ],
        [
          "hyperspectral imaging",
          0.06301117688417435
        ],
        [
          "flap",
          0.05907485634088516
        ],
        [
          "sto",
          0.04973546043038368
        ]
      ],
      "5": [
        [
          "skin",
          0.28281155228614807
        ],
        [
          "melanoma",
          0.100727379322052
        ],
        [
          "lesions",
          0.07617528736591339
        ],
        [
          "lesion",
          0.04441137611865997
        ],
        [
          "spectral",
          0.04429148510098457
        ],
        [
          "multispectral",
          0.04245472326874733
        ],
        [
          "images",
          0.04068920016288757
        ],
        [
          "skin cancer",
          0.04022321477532387
        ],
        [
          "detection",
          0.03456684947013855
        ],
        [
          "non",
          0.03433603048324585
        ]
      ],
      "6": [
        [
          "raman",
          0.3689440190792084
        ],
        [
          "srs",
          0.10144484043121338
        ],
        [
          "raman scattering",
          0.08789226412773132
        ],
        [
          "microscopy",
          0.0826229453086853
        ],
        [
          "scattering",
          0.07297004759311676
        ],
        [
          "spectroscopy",
          0.05809108167886734
        ],
        [
          "spectral",
          0.057415686547756195
        ],
        [
          "cells",
          0.05597629025578499
        ],
        [
          "analysis",
          0.05335361883044243
        ],
        [
          "chemical",
          0.05010407418012619
        ]
      ],
      "7": [
        [
          "photoacoustic",
          0.2333400994539261
        ],
        [
          "pa",
          0.1251617968082428
        ],
        [
          "pai",
          0.11849149316549301
        ],
        [
          "photoacoustic imaging",
          0.09245288372039795
        ],
        [
          "ultrasound",
          0.07204053550958633
        ],
        [
          "pa imaging",
          0.06422582268714905
        ],
        [
          "pat",
          0.057358305901288986
        ],
        [
          "optical",
          0.05488116294145584
        ],
        [
          "tomography",
          0.04576755315065384
        ],
        [
          "vivo",
          0.04517998546361923
        ]
      ],
      "8": [
        [
          "spectral",
          0.08049008250236511
        ],
        [
          "optical",
          0.05180443078279495
        ],
        [
          "multispectral",
          0.05030630901455879
        ],
        [
          "applications",
          0.04723740741610527
        ],
        [
          "resolution",
          0.04412558674812317
        ],
        [
          "nm",
          0.044012024998664856
        ],
        [
          "light",
          0.03987199068069458
        ],
        [
          "high",
          0.03961534425616264
        ],
        [
          "image",
          0.03664746135473251
        ],
        [
          "biomedical",
          0.03520187735557556
        ]
      ],