{
  "experiment_name": "kmeans_tfidf_2086",
  "seed": 2582,
  "n_documents": 2086,
  "n_features": 100,
  "n_clusters_found": 20,
  "metrics": {
    "silhouette": 0.1375163197517395,
    "davies_bouldin": 3.163783244649756,
    "calinski_harabasz": 32.606495428528206
  },
  "objective": 1378.895751953125,
  "cluster_sizes": {
    "0": 89,
    "1": 223,
    "2": 84,
    "3": 88,
    "4": 147,
    "5": 37,
    "6": 32,
    "7": 228,
    "8": 119,
    "9": 85,
    "10": 193,
    "11": 78,
    "12": 88,
    "13": 77,
    "14": 127,
    "15": 91,
    "16": 34,
    "17": 36,
    "18": 164,
    "19": 66
  },
  "selected_metric": "silhouette",
  "interpretation": {
    "cluster_terms": {
      "0": [
        [
          "infrared",
          0.1542881578207016
        ],
        [
          "nir",
          0.1453695148229599
        ],
        [
          "near",
          0.09742327779531479
        ],
        [
          "near infrared",
          0.09546370804309845
        ],
        [
          "nm",
          0.06299801170825958
        ],
        [
          "visible",
          0.04920889809727669
        ],
        [
          "mid",
          0.038781724870204926
        ],
        [
          "detection",
          0.03701981529593468
        ],
        [
          "multispectral",
          0.036913566291332245
        ],
        [
          "ii",
          0.03615305945277214
        ]
      ],
      "1": [
        [
          "classification",
          0.10465791076421738
        ],
        [
          "learning",
          0.09748699516057968
        ],
        [
          "deep",
          0.07659289240837097
        ],
        [
          "deep learning",
          0.06914076954126358
        ],
        [
          "spectral",
          0.06570637226104736
        ],
        [
          "network",
          0.06395066529512405
        ],
        [
          "accuracy",
          0.06265754997730255
        ],
        [
          "data",
          0.06044415012001991
        ],
        [
          "model",
          0.05929304286837578
        ],
        [
          "feature",
          0.049197692424058914
        ]
      ],
      "2": [
        [
          "msot",
          0.238900825381279
        ],
        [
          "optoacoustic",
          0.23602226376533508
        ],
        [
          "optoacoustic tomography",
          0.13270066678524017
        ],
        [
          "multispectral optoacoustic",
          0.12981030344963074
        ],
        [
          "tomography",
          0.12342075258493423
        ],
        [
          "tomography msot",
          0.07303307205438614
        ],
        [
          "multispectral",
          0.06464840471744537
        ],
        [
          "tumor",
          0.06047516316175461
        ],
        [
          "nanoparticles",
          0.04461187869310379
        ],
        [
          "contrast",
          0.043926749378442764
        ]
      ],
      "3": [
        [
          "surgery",
          0.14278016984462738
        ],
        [
          "surgical",
          0.12901638448238373
        ],
        [
          "tissue",
          0.11416924744844437
        ],
        [
          "intraoperative",
          0.08743906021118164
        ],
        [
          "tumor",
          0.07578956335783005
        ],
        [
          "hyperspectral imaging",
          0.06178872659802437
        ],
        [
          "resection",
          0.05875260755419731
        ],
        [
          "brain",
          0.04835085943341255
        ],
        [
          "time",
          0.04454747214913368
        ],
        [
          "vivo",
          0.04430965334177017
        ]
      ],
      "4": [
        [
          "cancer",
          0.12792381644248962
        ],
        [
          "tissue",
          0.07968652993440628
        ],
        [
          "breast",
          0.06806182861328125
        ],
        [
          "detection",
          0.05931704491376877
        ],
        [
          "cervical",
          0.04964328557252884
        ],
        [
          "breast cancer",
          0.04518453776836395
        ],
        [
          "images",
          0.0429263636469841
        ],
        [
          "tumor",
          0.04137638583779335
        ],
        [
          "analysis",
          0.03955473005771637
        ],
        [
          "multispectral",
          0.03890227898955345
        ]
      ],
      "5": [
        [
          "wound",
          0.3555390238761902
        ],
        [
          "healing",
          0.25539430975914
        ],
        [
          "wound healing",
          0.15354704856872559
        ],
        [
          "tissue",
          0.09042617678642273
        ],
        [
          "diabetic",
          0.08541997522115707
        ],
        [
          "wounds",
          0.0770285427570343
        ],
        [
          "perfusion",
          0.07057388126850128
        ],
        [
          "oxygenation",
          0.06903316080570221
        ],
        [
          "hyperspectral imaging",
          0.058198027312755585
        ],
        [
          "tissue oxygenation",
          0.05432702973484993
        ]
      ],
      "6": [
        [
          "burn",
          0.49811863899230957
        ],
        [
          "depth",
          0.14723046123981476
        ],
        [
          "wounds",
          0.12162560969591141
        ],
        [
          "wound",
          0.09990157186985016
        ],
        [
          "assessment",
          0.0884452611207962
        ],
        [
          "thickness",
          0.0856790840625763
        ],
        [
          "partial",
          0.07402753829956055
        ],
        [
          "severity",
          0.07377555221319199
        ],
        [
          "tissue",
          0.04318588972091675
        ],
        [
          "hyperspectral imaging",
          0.04268015921115875
        ]
      ],
      "7": [
        [
          "image",
          0.12244517356157303
        ],
        [
          "images",
          0.0925656259059906
        ],
        [
          "data",
          0.057134561240673065
        ],
        [
          "medical",
          0.056869689375162125
        ],
        [
          "fusion",
          0.056434184312820435
        ],
        [
          "method",
          0.05489248409867287
        ],
        [
          "tongue",
          0.05363604798913002
        ],
        [
          "proposed",
          0.04947037622332573
        ],
        [
          "information",
          0.047312699258327484
        ],
        [
          "algorithm",
          0.04689187929034233
        ]
      ],
      "8": [
        [
          "skin",
          0.2932271659374237
        ],
        [
          "melanoma",
          0.110591359436512
        ],
        [
          "lesions",
          0.0810415968298912
        ],
        [
          "multispectral",
          0.04622470214962959
        ],
        [
          "lesion",
          0.046168021857738495
        ],
        [
          "spectral",
          0.04373070225119591
        ],
        [
          "skin cancer",
          0.041576821357011795
        ],
        [
          "images",
          0.038768570870161057
        ],
        [
          "detection",
          0.03631981834769249
        ],
        [
          "diagnosis",
          0.0357501246035099
        ]
      ],