{
  "experiment_name": "hdbscan_tfidf",
  "n_documents": 41,
  "n_features": 41,
  "n_clusters_found": 4,
  "metrics": {
    "silhouette": 0.0036065103486180305,
    "davies_bouldin": 2.5101242847961958,
    "calinski_harabasz": 1.8106643920736916
  },
  "objective": null,
  "cluster_sizes": {
    "-1": 25,
    "0": 3,
    "1": 6,
    "2": 3,
    "3": 4
  },
  "interpretation": {
    "cluster_terms": {
      "-1": [
        [
          "tissue",
          0.10681390017271042
        ],
        [
          "medical",
          0.07673369348049164
        ],
        [
          "different",
          0.06591271609067917
        ],
        [
          "disease",
          0.06453199684619904
        ],
        [
          "patients",
          0.06404970586299896
        ],
        [
          "biological",
          0.06340017169713974
        ],
        [
          "images",
          0.059170838445425034
        ],
        [
          "multispectral",
          0.05849835276603699
        ],
        [
          "lesions",
          0.05812522768974304
        ],
        [
          "use",
          0.05792258307337761
        ]
      ],
      "0": [
        [
          "systems",
          0.23659276962280273
        ],
        [
          "surgical",
          0.22919249534606934
        ],
        [
          "studies",
          0.20608173310756683
        ],
        [
          "vivo",
          0.18155346810817719
        ],
        [
          "clinical",
          0.17309214174747467
        ],
        [
          "results",
          0.16632616519927979
        ],
        [
          "multispectral",
          0.1575486809015274
        ],
        [
          "patients",
          0.13263773918151855
        ],
        [
          "number",
          0.12346131354570389
        ],
        [
          "present",
          0.12190645933151245
        ]
      ],
      "1": [
        [
          "cancer",
          0.31714293360710144
        ],
        [
          "accuracy",
          0.1796998232603073
        ],
        [
          "aided",
          0.15194213390350342
        ],
        [
          "computer aided",
          0.15194213390350342
        ],
        [
          "sensitivity",
          0.14933164417743683
        ],
        [
          "detection",
          0.13713058829307556
        ],
        [
          "computer",
          0.13710425794124603
        ],
        [
          "studies",
          0.13457821309566498
        ],
        [
          "diagnostic",
          0.12649808824062347
        ],
        [
          "techniques",
          0.1131029799580574
        ]
      ],
      "2": [
        [
          "technology",
          0.29416021704673767
        ],
        [
          "information",
          0.25519344210624695
        ],
        [
          "provides",
          0.21843218803405762
        ],
        [
          "diagnosis",
          0.18472790718078613
        ],
        [
          "diseases",
          0.17924363911151886
        ],
        [
          "recent",
          0.17801617085933685
        ],
        [
          "disease",
          0.1496826410293579
        ],
        [
          "brain",
          0.14562465250492096
        ],
        [
          "spatial",
          0.125819593667984
        ],
        [
          "new",
          0.11380048841238022
        ]
      ],
      "3": [
        [
          "medical",
          0.4659857153892517
        ],
        [
          "learning",
          0.28315991163253784
        ],
        [
          "medical applications",
          0.17941561341285706
        ],
        [
          "images",
          0.1317758560180664
        ],
        [
          "diagnosis",
          0.11272206902503967
        ],
        [
          "diseases",
          0.11152475327253342
        ],
        [
          "early",
          0.10839422047138214
        ],
        [
          "challenges",
          0.10389538109302521
        ],
        [
          "machine",
          0.10359139740467072
        ],
        [
          "clinical",
          0.10178498923778534
        ]
      ]
    },
    "metadata": {
      "interpreter": "tfidf",
      "top_n_terms": 10,
      "uses_original_features": true,
      "uses_original_feature_names": true,
      "labels_true_provided": false
    }
  },
  "elapsed_seconds": 0.48915739999938523
}