{
  "experiment_name": "kmeans_tfidf",
  "seed": 53,
  "n_documents": 41,
  "n_features": 40,
  "n_clusters_found": 10,
  "metrics": {
    "silhouette": 0.1251147836446762,
    "davies_bouldin": 1.9727481809192724,
    "calinski_harabasz": 2.064641326951606
  },
  "objective": 21.264183044433594,
  "cluster_sizes": {
    "0": 6,
    "1": 3,
    "2": 7,
    "3": 3,
    "4": 6,
    "5": 3,
    "6": 4,
    "7": 2,
    "8": 2,
    "9": 5
  },
  "selected_metric": "silhouette",
  "interpretation": {
    "cluster_terms": {
      "0": [
        [
          "cancer",
          0.2889125943183899
        ],
        [
          "detection",
          0.19372893869876862
        ],
        [
          "studies",
          0.1879325658082962
        ],
        [
          "accuracy",
          0.15769432485103607
        ],
        [
          "aided",
          0.15194213390350342
        ],
        [
          "computer aided",
          0.15194213390350342
        ],
        [
          "computer",
          0.13710425794124603
        ],
        [
          "meta",
          0.12902995944023132
        ],
        [
          "diagnostic",
          0.12649808824062347
        ],
        [
          "sensitivity",
          0.12630590796470642
        ]
      ],
      "1": [
        [
          "learning",
          0.5542157888412476
        ],
        [
          "medical",
          0.28264451026916504
        ],
        [
          "images",
          0.17570114135742188
        ],
        [
          "algorithms",
          0.15637235343456268
        ],
        [
          "diseases",
          0.11945810914039612
        ],
        [
          "data",
          0.1155974268913269
        ],
        [
          "approaches",
          0.10704481601715088
        ],
        [
          "study",
          0.09999313205480576
        ],
        [
          "various",
          0.09492296725511551
        ],
        [
          "principles",
          0.09201284497976303
        ]
      ],
      "2": [
        [
          "patients",
          0.2252061367034912
        ],
        [
          "systems",
          0.15210691094398499
        ],
        [
          "studies",
          0.15192927420139313
        ],
        [
          "surgical",
          0.1514359563589096
        ],
        [
          "tissue",
          0.14203573763370514
        ],
        [
          "measurements",
          0.11790420114994049
        ],
        [
          "guidance",
          0.11508454382419586
        ],
        [
          "vivo",
          0.11038763076066971
        ],
        [
          "clinical",
          0.09747975319623947
        ],
        [
          "literature",
          0.0897783637046814
        ]
      ],
      "3": [
        [
          "vision",
          0.27360445261001587
        ],
        [
          "technology",
          0.2555901110172272
        ],
        [
          "based",
          0.20022255182266235
        ],
        [
          "capabilities",
          0.18969564139842987
        ],
        [
          "technologies",
          0.1892925649881363
        ],
        [
          "spatial",
          0.15862901508808136
        ],
        [
          "new",
          0.12473094463348389
        ],
        [
          "medical",
          0.11881262063980103
        ],
        [
          "different",
          0.11647868156433105
        ],
        [
          "machine",
          0.1140010878443718
        ]
      ],
      "4": [
        [
          "biological",
          0.21200239658355713
        ],
        [
          "tissue",
          0.18625052273273468
        ],
        [
          "brain",
          0.17125116288661957
        ],
        [
          "high",
          0.1274145394563675
        ],
        [
          "resolution",
          0.12480538338422775
        ],
        [
          "information",
          0.12262027710676193
        ],
        [
          "light",
          0.11989004164934158
        ],
        [
          "proposed",
          0.10961917787790298
        ],
        [
          "images",
          0.10949835181236267
        ],
        [
          "different",
          0.08904833346605301
        ]
      ],
      "5": [
        [
          "multispectral",
          0.3862868845462799
        ],
        [
          "lesions",
          0.3308452367782593
        ],
        [
          "skin",
          0.22551153600215912
        ],
        [
          "multispectral imaging",
          0.17164379358291626
        ],
        [
          "level",
          0.14073792099952698
        ],
        [
          "advances",
          0.10047925263643265
        ],
        [
          "tissue",
          0.09893765300512314
        ],
        [
          "technique",
          0.0965464636683464
        ],
        [
          "allows",
          0.09629260748624802
        ],
        [
          "summarize",
          0.09629260748624802
        ]
      ],
      "6": [
        [
          "medical",
          0.5162321329116821
        ],
        [
          "medical applications",
          0.17941561341285706
        ],
        [
          "research",
          0.14514751732349396
        ],
        [
          "field",
          0.12019221484661102
        ],
        [
          "challenges",
          0.10389538109302521
        ],
        [
          "techniques",
          0.1037694662809372
        ],
        [
          "clinical",
          0.10178498923778534
        ],
        [
          "recent",
          0.09782920032739639
        ],
        [
          "article",
          0.09776199609041214
        ],
        [
          "limitations",
          0.09305092692375183
        ]
      ],
      "7": [
        [
          "spectroscopy",
          0.5161059498786926
        ],
        [
          "use",
          0.2941315174102783
        ],
        [
          "based",
          0.18905097246170044
        ],
        [
          "techniques",
          0.18905097246170044
        ],
        [
          "modalities",
          0.1531059592962265
        ],
        [
          "light",
          0.1450943797826767
        ],
        [
          "surgery",
          0.13203297555446625
        ],
        [
          "monitoring",
          0.12988939881324768
        ],
        [
          "range",
          0.12309267371892929
        ],
        [
          "tissue",
          0.11316578090190887
        ]
      ],
      "8": [
        [
          "disease",
          0.5644947290420532
        ],
        [
          "disorders",
          0.38356950879096985
        ],
        [
          "field",
          0.18619892001152039
        ],
        [
          "current",
          0.15843746066093445
        ],
        [
          "clinical",
          0.15339940786361694
        ],
        [
          "brain",
          0.1447315365076065
        ],
        [
          "early",
          0.1382063925266266
        ],
        [
          "approaches",
          0.13246245682239532
        ],
        [
          "diseases",
          0.13208262622356415
        ],
        [
          "significant",
          0.13208262622356415
        ]
      ],