{
  "experiment_name": "dbscan_tfidf_2086",
  "n_documents": 2086,
  "n_features": 100,
  "n_clusters_found": 19,
  "metrics": {
    "silhouette": 0.06773672997951508,
    "davies_bouldin": 2.1881803095409063,
    "calinski_harabasz": 21.951147621359112
  },
  "objective": null,
  "cluster_sizes": {
    "-1": 1392,
    "0": 63,
    "1": 29,
    "2": 125,
    "3": 26,
    "4": 38,
    "5": 19,
    "6": 19,
    "7": 15,
    "8": 19,
    "9": 22,
    "10": 78,
    "11": 83,
    "12": 21,
    "13": 24,
    "14": 16,
    "15": 34,
    "16": 15,
    "17": 32,
    "18": 16
  },
  "interpretation": {
    "cluster_terms": {
      "-1": [
        [
          "deep learning",
          0.010427187196910381
        ],
        [
          "3d",
          0.00938770454376936
        ],
        [
          "msi",
          0.009272252209484577
        ],
        [
          "nir",
          0.009219463914632797
        ],
        [
          "reconstruction",
          0.00886149238795042
        ],
        [
          "noise",
          0.008651768788695335
        ],
        [
          "band",
          0.008642202243208885
        ],
        [
          "sensing",
          0.008238092996180058
        ],
        [
          "rgb",
          0.008236341178417206
        ],
        [
          "wavelengths",
          0.008171740919351578
        ]
      ],
      "0": [
        [
          "raman",
          0.29818543791770935
        ],
        [
          "srs",
          0.09457370638847351
        ],
        [
          "raman scattering",
          0.07416125386953354
        ],
        [
          "scattering",
          0.06058299168944359
        ],
        [
          "stimulated raman",
          0.05324564874172211
        ],
        [
          "stimulated",
          0.05281440541148186
        ],
        [
          "raman imaging",
          0.04545671120285988
        ],
        [
          "chemical",
          0.03878525272011757
        ],
        [
          "spectroscopy",
          0.03789478912949562
        ],
        [
          "label",
          0.03774827718734741
        ]
      ],
      "1": [
        [
          "burn",
          0.40597546100616455
        ],
        [
          "burn depth",
          0.1192048192024231
        ],
        [
          "burns",
          0.11380676925182343
        ],
        [
          "depth",
          0.10805677622556686
        ],
        [
          "wounds",
          0.10697852820158005
        ],
        [
          "burn wounds",
          0.09635665267705917
        ],
        [
          "wound",
          0.07941235601902008
        ],
        [
          "thickness",
          0.06317543983459473
        ],
        [
          "partial thickness",
          0.06048867106437683
        ],
        [
          "severity",
          0.059389032423496246
        ]
      ],
      "2": [
        [
          "segmentation",
          0.1253187209367752
        ],
        [
          "brain",
          0.09649220108985901
        ],
        [
          "mri",
          0.06034504249691963
        ],
        [
          "magnetic",
          0.05083644762635231
        ],
        [
          "mr",
          0.04782804101705551
        ],
        [
          "magnetic resonance",
          0.04268362745642662
        ],
        [
          "resonance",
          0.04195810854434967
        ],
        [
          "image segmentation",
          0.030493101105093956
        ],
        [
          "weighted",
          0.02981088124215603
        ],
        [
          "microscopic",
          0.028115108609199524
        ]
      ],
      "3": [
        [
          "fusion",
          0.3556031584739685
        ],
        [
          "image fusion",
          0.20480035245418549
        ],
        [
          "fused",
          0.06384623795747757
        ],
        [
          "transform",
          0.053934983909130096
        ],
        [
          "spatial spectral",
          0.05049767717719078
        ],
        [
          "fused image",
          0.0386936254799366
        ],
        [
          "coefficients",
          0.03834877535700798
        ],
        [
          "multispectral image",
          0.036926694214344025
        ],
        [
          "realm",
          0.03299818933010101
        ],
        [
          "wavelet",
          0.032820045948028564
        ]
      ],
      "4": [
        [
          "pai",
          0.2358584702014923
        ],
        [
          "photoacoustic",
          0.23233887553215027
        ],
        [
          "photoacoustic imaging",
          0.1279478222131729
        ],
        [
          "multispectral photoacoustic",
          0.0595758892595768
        ],
        [
          "ultrasound",
          0.05374427139759064
        ],
        [
          "imaging pai",
          0.05265975743532181
        ],
        [
          "acoustic",
          0.03297150880098343
        ],
        [
          "phantoms",
          0.03146181255578995
        ],
        [
          "oxygen",
          0.029093654826283455
        ],
        [
          "dyes",
          0.0283227376639843
        ]
      ],
      "5": [
        [
          "tongue",
          0.6161004304885864
        ],
        [
          "tongue diagnosis",
          0.06457724422216415
        ],
        [
          "medicine",
          0.06394026428461075
        ],
        [
          "coating",
          0.05961667373776436
        ],
        [
          "tongue images",
          0.05193449929356575
        ],
        [
          "tongue color",
          0.050511181354522705
        ],
        [
          "kampo",
          0.0504651702940464
        ],
        [
          "tcm",
          0.04757653549313545
        ],
        [
          "segmentation",
          0.0446956641972065
        ],
        [
          "chinese medicine",
          0.037501778453588486
        ]
      ],
      "6": [
        [
          "tensor",
          0.3498881757259369
        ],
        [
          "rank",
          0.11810405552387238
        ],
        [
          "low rank",
          0.11220073699951172
        ],
        [
          "dimensionality",
          0.08699474483728409
        ],
        [
          "dimensionality reduction",
          0.07358156889677048
        ],
        [
          "embedding",
          0.06301514059305191
        ],
        [
          "reduction",
          0.06077282130718231
        ],
        [
          "matrix",
          0.05624259263277054
        ],
        [
          "decomposition",
          0.05319756641983986
        ],
        [
          "completion",
          0.05187734216451645
        ]
      ],
      "7": [
        [
          "save",
          0.25057417154312134
        ],
        [
          "wli",
          0.21337351202964783
        ],
        [
          "nbi",
          0.17860105633735657
        ],
        [
          "esophageal",
          0.13709402084350586
        ],
        [
          "esophageal cancer",
          0.11094663292169571
        ],
        [
          "ec",
          0.09551803022623062
        ],
        [
          "dysplasia",
          0.08358734101057053
        ],
        [
          "f1",
          0.07715806365013123
        ],
        [
          "recall",
          0.07293368875980377
        ],
        [
          "yolov5",
          0.07193998992443085
        ]
      ],