{
  "experiment_name": "kmeans_tfidf",
  "seed": 139,
  "n_documents": 11003,
  "n_features": 100,
  "n_clusters_found": 20,
  "metrics": {
    "silhouette": 0.06083093211054802,
    "davies_bouldin": 3.631363183681574,
    "calinski_harabasz": 128.86526929131142
  },
  "objective": 8117.96337890625,
  "cluster_sizes": {
    "0": 548,
    "1": 823,
    "2": 254,
    "3": 308,
    "4": 329,
    "5": 619,
    "6": 2302,
    "7": 334,
    "8": 1333,
    "9": 327,
    "10": 590,
    "11": 194,
    "12": 227,
    "13": 368,
    "14": 546,
    "15": 161,
    "16": 481,
    "17": 126,
    "18": 550,
    "19": 583
  },
  "selected_metric": "silhouette",
  "interpretation": {
    "cluster_terms": {
      "0": [
        [
          "thanks",
          0.21530991792678833
        ],
        [
          "advance",
          0.08584011346101761
        ],
        [
          "thanks advance",
          0.08230121433734894
        ],
        [
          "mail",
          0.050991643220186234
        ],
        [
          "know",
          0.04916960000991821
        ],
        [
          "hi",
          0.048050250858068466
        ],
        [
          "does",
          0.04067864641547203
        ],
        [
          "info",
          0.033066488802433014
        ],
        [
          "help",
          0.031555112451314926
        ],
        [
          "looking",
          0.03021402098238468
        ]
      ],
      "1": [
        [
          "windows",
          0.11184704303741455
        ],
        [
          "file",
          0.08285673707723618
        ],
        [
          "window",
          0.06735894829034805
        ],
        [
          "program",
          0.060285210609436035
        ],
        [
          "files",
          0.05922762304544449
        ],
        [
          "dos",
          0.0500175915658474
        ],
        [
          "using",
          0.04444069787859917
        ],
        [
          "use",
          0.044069040566682816
        ],
        [
          "running",
          0.03548743575811386
        ],
        [
          "server",
          0.03386698290705681
        ]
      ],
      "2": [
        [
          "car",
          0.33610448241233826
        ],
        [
          "cars",
          0.07487387955188751
        ],
        [
          "engine",
          0.04441135749220848
        ],
        [
          "like",
          0.037492863833904266
        ],
        [
          "speed",
          0.03372268006205559
        ],
        [
          "good",
          0.031237605959177017
        ],
        [
          "just",
          0.025734420865774155
        ],
        [
          "ve",
          0.025038104504346848
        ],
        [
          "think",
          0.024425452575087547
        ],
        [
          "know",
          0.02383304387331009
        ]
      ],
      "3": [
        [
          "drive",
          0.2915925085544586
        ],
        [
          "scsi",
          0.10360943526029587
        ],
        [
          "disk",
          0.0851825624704361
        ],
        [
          "drives",
          0.079490527510643
        ],
        [
          "hard",
          0.06993620097637177
        ],
        [
          "ide",
          0.05362469330430031
        ],
        [
          "floppy",
          0.052247945219278336
        ],
        [
          "controller",
          0.0437755323946476
        ],
        [
          "cd",
          0.036786675453186035
        ],
        [
          "tape",
          0.02845863811671734
        ]
      ],
      "4": [
        [
          "key",
          0.20358197391033173
        ],
        [
          "chip",
          0.10874811559915543
        ],
        [
          "encryption",
          0.10279339551925659
        ],
        [
          "clipper",
          0.10277830809354782
        ],
        [
          "keys",
          0.0821780413389206
        ],
        [
          "government",
          0.056359753012657166
        ],
        [
          "escrow",
          0.05526379123330116
        ],
        [
          "nsa",
          0.05396666005253792
        ],
        [
          "secure",
          0.043214306235313416
        ],
        [
          "algorithm",
          0.04286890849471092
        ]
      ],
      "5": [
        [
          "game",
          0.12013377994298935
        ],
        [
          "team",
          0.11456189304590225
        ],
        [
          "year",
          0.08723278343677521
        ],
        [
          "players",
          0.0637572854757309
        ],
        [
          "games",
          0.06350699067115784
        ],
        [
          "season",
          0.06038133427500725
        ],
        [
          "play",
          0.0525037907063961
        ],
        [
          "hockey",
          0.049998972564935684
        ],
        [
          "win",
          0.04370705038309097
        ],
        [
          "player",
          0.03917205333709717
        ]
      ],
      "6": [
        [
          "like",
          0.027942368760704994
        ],
        [
          "does",
          0.027155013754963875
        ],
        [
          "use",
          0.024693606421351433
        ],
        [
          "ve",
          0.021432360634207726
        ],
        [
          "com",
          0.02101534605026245
        ],
        [
          "good",
          0.020988207310438156
        ],
        [
          "know",
          0.01938129961490631
        ],
        [
          "need",
          0.01632552407681942
        ],
        [
          "used",
          0.015324491076171398
        ],
        [
          "think",
          0.015295447781682014
        ]
      ],
      "7": [
        [
          "new",
          0.23052379488945007
        ],
        [
          "new york",
          0.04085741192102432
        ],
        [
          "york",
          0.04070386663079262
        ],
        [
          "like",
          0.03029794804751873
        ],
        [
          "just",
          0.024995552375912666
        ],
        [
          "does",
          0.020077476277947426
        ],
        [
          "think",
          0.019742058590054512
        ],
        [
          "price",
          0.01851634308695793
        ],
        [
          "time",
          0.017496557906270027
        ],
        [
          "know",
          0.01631294935941696
        ]
      ],
      "8": [
        [
          "did",
          0.04048171639442444
        ],
        [
          "time",
          0.02929884009063244
        ],
        [
          "think",
          0.029193567112088203
        ],
        [
          "law",
          0.028459995985031128
        ],
        [
          "gun",
          0.02656322717666626
        ],
        [
          "government",
          0.02495759166777134
        ],
        [
          "evidence",
          0.02347639575600624
        ],
        [
          "case",
          0.02271229773759842
        ],
        [
          "like",
          0.02076999470591545
        ],
        [
          "way",
          0.020716240629553795
        ]
      ],
      "9": [
        [
          "card",
          0.2377178817987442
        ],
        [
          "video",
          0.11470087617635727
        ],
        [
          "bus",
          0.06514808535575867
        ],
        [
          "cards",
          0.06360314041376114
        ],
        [
          "drivers",
          0.05882572382688522
        ],
        [
          "monitor",
          0.05557558313012123
        ],
        [
          "driver",
          0.04419596120715141
        ],
        [
          "windows",
          0.03910916671156883
        ],
        [
          "pc",
          0.03427816554903984
        ],
        [
          "ram",
          0.034167252480983734
        ]
      ],