{
  "experiment_name": "kmeans_tfidf_2086",
  "seed": 92,
  "n_documents": 2086,
  "n_features": 100,
  "n_clusters_found": 10,
  "metrics": {
    "silhouette": 0.1068551316857338,
    "davies_bouldin": 3.75614308761856,
    "calinski_harabasz": 41.627182763334474
  },
  "objective": 1517.331298828125,
  "cluster_sizes": {
    "0": 113,
    "1": 386,
    "2": 182,
    "3": 134,
    "4": 133,
    "5": 90,
    "6": 327,
    "7": 80,
    "8": 523,
    "9": 118
  },
  "selected_metric": "silhouette",
  "interpretation": {
    "cluster_terms": {
      "0": [
        [
          "photoacoustic",
          0.2371082305908203
        ],
        [
          "pa",
          0.12626942992210388
        ],
        [
          "pai",
          0.11954008787870407
        ],
        [
          "photoacoustic imaging",
          0.09619654715061188
        ],
        [
          "ultrasound",
          0.07267806679010391
        ],
        [
          "pa imaging",
          0.06479419767856598
        ],
        [
          "pat",
          0.05547196790575981
        ],
        [
          "optical",
          0.05326177552342415
        ],
        [
          "tomography",
          0.04572686180472374
        ],
        [
          "vivo",
          0.045579809695482254
        ]
      ],
      "1": [
        [
          "image",
          0.0790768563747406
        ],
        [
          "classification",
          0.07100419700145721
        ],
        [
          "data",
          0.06524442881345749
        ],
        [
          "learning",
          0.0635579526424408
        ],
        [
          "spectral",
          0.06294523924589157
        ],
        [
          "images",
          0.06159331277012825
        ],
        [
          "fusion",
          0.050417717546224594
        ],
        [
          "deep",
          0.0497303307056427
        ],
        [
          "model",
          0.04864998906850815
        ],
        [
          "network",
          0.04850931465625763
        ]
      ],
      "2": [
        [
          "cells",
          0.12545818090438843
        ],
        [
          "cell",
          0.11885877698659897
        ],
        [
          "fluorescence",
          0.09050598740577698
        ],
        [
          "immune",
          0.06534036993980408
        ],
        [
          "tumor",
          0.05881188064813614
        ],
        [
          "flim",
          0.04943272843956947
        ],
        [
          "cancer",
          0.04868844151496887
        ],
        [
          "microscopy",
          0.040893640369176865
        ],
        [
          "lifetime",
          0.038965966552495956
        ],
        [
          "single",
          0.037079960107803345
        ]
      ],
      "3": [
        [
          "perfusion",
          0.18923139572143555
        ],
        [
          "wound",
          0.11076945066452026
        ],
        [
          "tissue",
          0.10260071605443954
        ],
        [
          "oxygenation",
          0.09551376104354858
        ],
        [
          "patients",
          0.08122904598712921
        ],
        [
          "healing",
          0.07928363233804703
        ],
        [
          "flap",
          0.07060536742210388
        ],
        [
          "hyperspectral imaging",
          0.06769469380378723
        ],
        [
          "tissue oxygenation",
          0.06063767150044441
        ],
        [
          "sto",
          0.05672699585556984
        ]
      ],
      "4": [
        [
          "skin",
          0.28417474031448364
        ],
        [
          "melanoma",
          0.10148473083972931
        ],
        [
          "lesions",
          0.0752381980419159
        ],
        [
          "lesion",
          0.0472259484231472
        ],
        [
          "spectral",
          0.04476744681596756
        ],
        [
          "multispectral",
          0.04135701805353165
        ],
        [
          "images",
          0.04074077680706978
        ],
        [
          "skin cancer",
          0.0405256450176239
        ],
        [
          "detection",
          0.037814222276210785
        ],
        [
          "diagnosis",
          0.03527078777551651
        ]
      ],
      "5": [
        [
          "optoacoustic",
          0.2296181172132492
        ],
        [
          "msot",
          0.22626133263111115
        ],
        [
          "optoacoustic tomography",
          0.12811729311943054
        ],
        [
          "multispectral optoacoustic",
          0.12458242475986481
        ],
        [
          "tomography",
          0.11933206766843796
        ],
        [
          "tomography msot",
          0.06883806735277176
        ],
        [
          "multispectral",
          0.06288789957761765
        ],
        [
          "tumor",
          0.057191722095012665
        ],
        [
          "contrast",
          0.04322130233049393
        ],
        [
          "nanoparticles",
          0.04163775593042374
        ]
      ],
      "6": [
        [
          "spectral",
          0.08637598156929016
        ],
        [
          "multispectral",
          0.057016920298337936
        ],
        [
          "optical",
          0.0563984252512455
        ],
        [
          "applications",
          0.04890233650803566
        ],
        [
          "resolution",
          0.04865792393684387
        ],
        [
          "nm",
          0.0485302098095417
        ],
        [
          "high",
          0.04235117882490158
        ],
        [
          "light",
          0.04210921376943588
        ],
        [
          "image",
          0.03983016684651375
        ],
        [
          "biomedical",
          0.038327086716890335
        ]
      ],
      "7": [
        [
          "raman",
          0.3689440190792084
        ],
        [
          "srs",
          0.10144484043121338
        ],
        [
          "raman scattering",
          0.08789226412773132
        ],
        [
          "microscopy",
          0.0826229453086853
        ],
        [
          "scattering",
          0.07297004759311676
        ],
        [
          "spectroscopy",
          0.05809108167886734
        ],
        [
          "spectral",
          0.057415686547756195
        ],
        [
          "cells",
          0.05597629025578499
        ],
        [
          "analysis",
          0.05335361883044243
        ],
        [
          "chemical",
          0.05010407418012619
        ]
      ],
      "8": [
        [
          "tissue",
          0.06752334535121918
        ],
        [
          "cancer",
          0.042124684900045395
        ],
        [
          "hyperspectral imaging",
          0.041576772928237915
        ],
        [
          "spectral",
          0.03723171725869179
        ],
        [
          "images",
          0.036085344851017
        ],
        [
          "detection",
          0.03450930118560791
        ],
        [
          "optical",
          0.033424001187086105
        ],
        [
          "surgery",
          0.03185168653726578
        ],
        [
          "analysis",
          0.03127589076757431
        ],
        [
          "multispectral",
          0.031185207888484
        ]
      ],