{
  "experiment_name": "gaussianMixture_tfidf_2086",
  "n_documents": 2086,
  "n_features": 100,
  "n_clusters_found": 10,
  "metrics": {
    "silhouette": 0.04792041704058647,
    "davies_bouldin": 4.891294666696573,
    "calinski_harabasz": 26.330338323856488
  },
  "objective": 147.1829376220703,
  "cluster_sizes": {
    "0": 302,
    "1": 302,
    "2": 245,
    "3": 156,
    "4": 213,
    "5": 154,
    "6": 222,
    "7": 158,
    "8": 251,
    "9": 83
  },
  "interpretation": {
    "cluster_terms": {
      "0": [
        [
          "nm",
          0.06431299448013306
        ],
        [
          "hyperspectral imaging",
          0.053320422768592834
        ],
        [
          "spectral",
          0.053305208683013916
        ],
        [
          "infrared",
          0.05302407592535019
        ],
        [
          "data",
          0.03989126905798912
        ],
        [
          "tissue",
          0.03891020640730858
        ],
        [
          "tongue",
          0.03829546272754669
        ],
        [
          "near",
          0.03718895837664604
        ],
        [
          "images",
          0.036519214510917664
        ],
        [
          "nir",
          0.03490717336535454
        ]
      ],
      "1": [
        [
          "optical",
          0.0681687593460083
        ],
        [
          "scattering",
          0.03693196922540665
        ],
        [
          "microscopy",
          0.03655678406357765
        ],
        [
          "multispectral",
          0.03546849265694618
        ],
        [
          "biomedical",
          0.03454690799117088
        ],
        [
          "fluorescence",
          0.03404446691274643
        ],
        [
          "applications",
          0.032953325659036636
        ],
        [
          "detection",
          0.03218415006995201
        ],
        [
          "burn",
          0.03190679848194122
        ],
        [
          "spectral",
          0.031207706779241562
        ]
      ],
      "2": [
        [
          "skin",
          0.16723105311393738
        ],
        [
          "spectral",
          0.05411788448691368
        ],
        [
          "multispectral",
          0.052099909633398056
        ],
        [
          "melanoma",
          0.05197959765791893
        ],
        [
          "lesions",
          0.04122142866253853
        ],
        [
          "images",
          0.03972001001238823
        ],
        [
          "patients",
          0.036863259971141815
        ],
        [
          "assessment",
          0.032075949013233185
        ],
        [
          "hyperspectral imaging",
          0.03200988471508026
        ],
        [
          "light",
          0.0313703715801239
        ]
      ],
      "3": [
        [
          "perfusion",
          0.17452484369277954
        ],
        [
          "tissue",
          0.09998582303524017
        ],
        [
          "surgery",
          0.07593575119972229
        ],
        [
          "oxygenation",
          0.07577788829803467
        ],
        [
          "flap",
          0.0636606439948082
        ],
        [
          "patients",
          0.05913997441530228
        ],
        [
          "hyperspectral imaging",
          0.05615386739373207
        ],
        [
          "wound",
          0.05380706861615181
        ],
        [
          "tissue oxygenation",
          0.04756582900881767
        ],
        [
          "intraoperative",
          0.04318945109844208
        ]
      ],
      "4": [
        [
          "cancer",
          0.12503531575202942
        ],
        [
          "cells",
          0.09350848197937012
        ],
        [
          "raman",
          0.0708928108215332
        ],
        [
          "cell",
          0.07071557641029358
        ],
        [
          "tumor",
          0.05283611640334129
        ],
        [
          "immune",
          0.04665033146739006
        ],
        [
          "detection",
          0.038948703557252884
        ],
        [
          "breast",
          0.03631395101547241
        ],
        [
          "blood",
          0.03456377983093262
        ],
        [
          "tissue",
          0.03385819122195244
        ]
      ],
      "5": [
        [
          "tumor",
          0.13537943363189697
        ],
        [
          "msot",
          0.1343832165002823
        ],
        [
          "optoacoustic",
          0.13260552287101746
        ],
        [
          "optoacoustic tomography",
          0.07473883032798767
        ],
        [
          "tomography",
          0.07387056946754456
        ],
        [
          "multispectral optoacoustic",
          0.07379075139760971
        ],
        [
          "multispectral",
          0.05052940174937248
        ],
        [
          "tomography msot",
          0.041995223611593246
        ],
        [
          "vivo",
          0.04144963249564171
        ],
        [
          "tumors",
          0.03802201524376869
        ]
      ],
      "6": [
        [
          "image",
          0.1025313138961792
        ],
        [
          "images",
          0.08593898266553879
        ],
        [
          "resolution",
          0.06869526207447052
        ],
        [
          "data",
          0.054034650325775146
        ],
        [
          "3d",
          0.05275188758969307
        ],
        [
          "spectral",
          0.049573611468076706
        ],
        [
          "spatial",
          0.04469714313745499
        ],
        [
          "fusion",
          0.04168734699487686
        ],
        [
          "algorithm",
          0.04041525349020958
        ],
        [
          "medical",
          0.0385814867913723
        ]
      ],
      "7": [
        [
          "tissue",
          0.10358929634094238
        ],
        [
          "mri",
          0.08730616420507431
        ],
        [
          "magnetic",
          0.07863312214612961
        ],
        [
          "resonance",
          0.06662887334823608
        ],
        [
          "magnetic resonance",
          0.06303870677947998
        ],
        [
          "brain",
          0.05407857894897461
        ],
        [
          "images",
          0.05274469777941704
        ],
        [
          "mr",
          0.04843169078230858
        ],
        [
          "analysis",
          0.04510427266359329
        ],
        [
          "multispectral",
          0.045054007321596146
        ]
      ],
      "8": [
        [
          "spectral",
          0.10849494487047195
        ],
        [
          "spatial",
          0.056851066648960114
        ],
        [
          "image",
          0.05291039124131203
        ],
        [
          "learning",
          0.05129367858171463
        ],
        [
          "classification",
          0.047424256801605225
        ],
        [
          "network",
          0.04713914170861244
        ],
        [
          "data",
          0.04697119817137718
        ],
        [
          "deep",
          0.04443250969052315
        ],
        [
          "noise",
          0.043053220957517624
        ],
        [
          "method",
          0.03858432173728943
        ]
      ],