{
  "experiment_name": "hdbscan_tfidf",
  "n_documents": 41,
  "n_features": 40,
  "n_clusters_found": 4,
  "metrics": {
    "silhouette": 0.01987781934440136,
    "davies_bouldin": 2.8439736011699557,
    "calinski_harabasz": 1.839823045321821
  },
  "objective": null,
  "cluster_sizes": {
    "-1": 22,
    "0": 6,
    "1": 6,
    "2": 3,
    "3": 4
  },
  "interpretation": {
    "cluster_terms": {
      "-1": [
        [
          "tissue",
          0.10463757067918777
        ],
        [
          "biological",
          0.07204564660787582
        ],
        [
          "medical",
          0.07078922539949417
        ],
        [
          "disease",
          0.06929805874824524
        ],
        [
          "images",
          0.06723958998918533
        ],
        [
          "lesions",
          0.06605139374732971
        ],
        [
          "use",
          0.05733972787857056
        ],
        [
          "field",
          0.054001353681087494
        ],
        [
          "skin",
          0.0532938577234745
        ],
        [
          "multispectral",
          0.052675485610961914
        ]
      ],
      "0": [
        [
          "systems",
          0.19355636835098267
        ],
        [
          "patients",
          0.15264743566513062
        ],
        [
          "studies",
          0.14076635241508484
        ],
        [
          "multispectral",
          0.12937404215335846
        ],
        [
          "vivo",
          0.12878556549549103
        ],
        [
          "technology",
          0.1277950555086136
        ],
        [
          "based",
          0.1250215321779251
        ],
        [
          "surgical",
          0.11459624767303467
        ],
        [
          "tissue",
          0.10817410796880722
        ],
        [
          "different",
          0.10704635828733444
        ]
      ],
      "1": [
        [
          "cancer",
          0.31714293360710144
        ],
        [
          "accuracy",
          0.1796998232603073
        ],
        [
          "aided",
          0.15194213390350342
        ],
        [
          "computer aided",
          0.15194213390350342
        ],
        [
          "sensitivity",
          0.14933164417743683
        ],
        [
          "detection",
          0.13713058829307556
        ],
        [
          "computer",
          0.13710425794124603
        ],
        [
          "studies",
          0.13457821309566498
        ],
        [
          "diagnostic",
          0.12649808824062347
        ],
        [
          "techniques",
          0.1131029799580574
        ]
      ],
      "2": [
        [
          "technology",
          0.29416021704673767
        ],
        [
          "information",
          0.25519344210624695
        ],
        [
          "provides",
          0.21843218803405762
        ],
        [
          "diagnosis",
          0.18472790718078613
        ],
        [
          "diseases",
          0.17924363911151886
        ],
        [
          "recent",
          0.17801617085933685
        ],
        [
          "disease",
          0.1496826410293579
        ],
        [
          "brain",
          0.14562465250492096
        ],
        [
          "spatial",
          0.125819593667984
        ],
        [
          "new",
          0.11380048841238022
        ]
      ],
      "3": [
        [
          "medical",
          0.4659857153892517
        ],
        [
          "learning",
          0.28315991163253784
        ],
        [
          "medical applications",
          0.17941561341285706
        ],
        [
          "images",
          0.1317758560180664
        ],
        [
          "diagnosis",
          0.11272206902503967
        ],
        [
          "diseases",
          0.11152475327253342
        ],
        [
          "early",
          0.10839422047138214
        ],
        [
          "challenges",
          0.10389538109302521
        ],
        [
          "machine",
          0.10359139740467072
        ],
        [
          "clinical",
          0.10178498923778534
        ]
      ]
    },
    "metadata": {
      "interpreter": "tfidf",
      "top_n_terms": 10,
      "uses_original_features": true,
      "uses_original_feature_names": true,
      "labels_true_provided": false
    }
  },
  "elapsed_seconds": 0.050416000000041095
}