{
  "experiment_name": "gaussianMixture_tfidf",
  "n_documents": 41,
  "n_features": 40,
  "n_clusters_found": 10,
  "metrics": {
    "silhouette": 0.08469785004854202,
    "davies_bouldin": 2.0553832063634028,
    "calinski_harabasz": 2.0330562688400016
  },
  "objective": 214.75306701660156,
  "cluster_sizes": {
    "0": 6,
    "1": 4,
    "2": 3,
    "3": 3,
    "4": 4,
    "5": 4,
    "6": 3,
    "7": 7,
    "8": 3,
    "9": 4
  },
  "interpretation": {
    "cluster_terms": {
      "0": [
        [
          "patients",
          0.20173656940460205
        ],
        [
          "perfusion",
          0.1941424161195755
        ],
        [
          "studies",
          0.16915208101272583
        ],
        [
          "literature",
          0.1366569846868515
        ],
        [
          "spectral imaging",
          0.13532394170761108
        ],
        [
          "gastrointestinal",
          0.10700195282697678
        ],
        [
          "measurements",
          0.1018189787864685
        ],
        [
          "detection",
          0.09832208603620529
        ],
        [
          "surgery",
          0.09026012569665909
        ],
        [
          "results",
          0.08944522589445114
        ]
      ],
      "1": [
        [
          "medical",
          0.5162321329116821
        ],
        [
          "medical applications",
          0.17941561341285706
        ],
        [
          "research",
          0.14514751732349396
        ],
        [
          "field",
          0.12019221484661102
        ],
        [
          "challenges",
          0.10389538109302521
        ],
        [
          "techniques",
          0.1037694662809372
        ],
        [
          "clinical",
          0.10178498923778534
        ],
        [
          "recent",
          0.09782920032739639
        ],
        [
          "article",
          0.09776199609041214
        ],
        [
          "limitations",
          0.09305092692375183
        ]
      ],
      "2": [
        [
          "technology",
          0.24987833201885223
        ],
        [
          "data",
          0.2311214953660965
        ],
        [
          "information",
          0.192124605178833
        ],
        [
          "provides",
          0.18530331552028656
        ],
        [
          "diseases",
          0.17924363911151886
        ],
        [
          "diagnosis",
          0.16937804222106934
        ],
        [
          "disease",
          0.16050411760807037
        ],
        [
          "recent",
          0.16050411760807037
        ],
        [
          "spectra",
          0.13588625192642212
        ],
        [
          "disease diagnosis",
          0.1287757307291031
        ]
      ],
      "3": [
        [
          "disease",
          0.43299686908721924
        ],
        [
          "disorders",
          0.25571301579475403
        ],
        [
          "brain",
          0.24211233854293823
        ],
        [
          "field",
          0.1475173830986023
        ],
        [
          "recent",
          0.12254694849252701
        ],
        [
          "information",
          0.12044917792081833
        ],
        [
          "technology",
          0.1094684824347496
        ],
        [
          "diagnosis",
          0.10741617530584335
        ],
        [
          "current",
          0.1056249737739563
        ],
        [
          "clinical",
          0.10226627439260483
        ]
      ],
      "4": [
        [
          "skin",
          0.3441341519355774
        ],
        [
          "cancer",
          0.18563562631607056
        ],
        [
          "skin cancer",
          0.1827908754348755
        ],
        [
          "color",
          0.17858223617076874
        ],
        [
          "light",
          0.1503034085035324
        ],
        [
          "compared",
          0.13608048856258392
        ],
        [
          "detection",
          0.11591410636901855
        ],
        [
          "systematic",
          0.11379756778478622
        ],
        [
          "multispectral",
          0.0970379039645195
        ],
        [
          "systematic review",
          0.0970379039645195
        ]
      ],
      "5": [
        [
          "biological",
          0.2920049726963043
        ],
        [
          "tissue",
          0.26233887672424316
        ],
        [
          "high",
          0.17190246284008026
        ],
        [
          "resolution",
          0.16120944917201996
        ],
        [
          "brain",
          0.14765825867652893
        ],
        [
          "proposed",
          0.13712415099143982
        ],
        [
          "images",
          0.12038174271583557
        ],
        [
          "different",
          0.12034794688224792
        ],
        [
          "use",
          0.10525352507829666
        ],
        [
          "tissues",
          0.10467223823070526
        ]
      ],
      "6": [
        [
          "systems",
          0.35491612553596497
        ],
        [
          "vivo",
          0.22463321685791016
        ],
        [
          "clinical",
          0.1998460441827774
        ],
        [
          "studies",
          0.19435304403305054
        ],
        [
          "patients",
          0.17724277079105377
        ],
        [
          "tissue",
          0.16472220420837402
        ],
        [
          "surgical",
          0.15967921912670135
        ],
        [
          "current",
          0.14772413671016693
        ],
        [
          "guidance",
          0.14437255263328552
        ],
        [
          "work",
          0.12988631427288055
        ]
      ],
      "7": [
        [
          "multispectral",
          0.17109329998493195
        ],
        [
          "vision",
          0.15134884417057037
        ],
        [
          "technology",
          0.12809477746486664
        ],
        [
          "spectroscopy",
          0.11718743294477463
        ],
        [
          "capabilities",
          0.11515176296234131
        ],
        [
          "technologies",
          0.11312877386808395
        ],
        [
          "different",
          0.10333538055419922
        ],
        [
          "based",
          0.09949515014886856
        ],
        [
          "lesions",
          0.09613017737865448
        ],
        [
          "multispectral imaging",
          0.09270405024290085
        ]
      ],
      "8": [
        [
          "learning",
          0.5542157888412476
        ],
        [
          "medical",
          0.28264451026916504
        ],
        [
          "images",
          0.17570114135742188
        ],
        [
          "algorithms",
          0.15637235343456268
        ],
        [
          "diseases",
          0.11945810914039612
        ],
        [
          "data",
          0.1155974268913269
        ],
        [
          "approaches",
          0.10704481601715088
        ],
        [
          "study",
          0.09999313205480576
        ],
        [
          "various",
          0.09492296725511551
        ],
        [
          "principles",
          0.09201284497976303
        ]
      ],