{
  "experiment_name": "agglomerative_tfidf",
  "n_documents": 41,
  "n_features": 40,
  "n_clusters_found": 10,
  "metrics": {
    "silhouette": 0.14200261235237122,
    "davies_bouldin": 1.8365325829568917,
    "calinski_harabasz": 2.148901278585822
  },
  "objective": null,
  "cluster_sizes": {
    "0": 4,
    "1": 6,
    "2": 2,
    "3": 6,
    "4": 5,
    "5": 7,
    "6": 2,
    "7": 5,
    "8": 3,
    "9": 1
  },
  "interpretation": {
    "cluster_terms": {
      "0": [
        [
          "clinical",
          0.2282712608575821
        ],
        [
          "perfusion",
          0.2071113884449005
        ],
        [
          "modality",
          0.1749182492494583
        ],
        [
          "surgery",
          0.15532995760440826
        ],
        [
          "surgical",
          0.14230825006961823
        ],
        [
          "tissue",
          0.13358978927135468
        ],
        [
          "gastrointestinal",
          0.1309315264225006
        ],
        [
          "promising",
          0.12953852117061615
        ],
        [
          "results",
          0.12590335309505463
        ],
        [
          "spectral imaging",
          0.12188654392957687
        ]
      ],
      "1": [
        [
          "technology",
          0.22014091908931732
        ],
        [
          "spectroscopy",
          0.2005128264427185
        ],
        [
          "based",
          0.16312827169895172
        ],
        [
          "use",
          0.16075849533081055
        ],
        [
          "provides",
          0.11132029443979263
        ],
        [
          "diseases",
          0.1084446907043457
        ],
        [
          "monitoring",
          0.1059911847114563
        ],
        [
          "new",
          0.10229235142469406
        ],
        [
          "medical",
          0.09984862059354782
        ],
        [
          "technologies",
          0.09954098612070084
        ]
      ],
      "2": [
        [
          "light",
          0.4075627326965332
        ],
        [
          "vision",
          0.304965615272522
        ],
        [
          "color",
          0.2630309462547302
        ],
        [
          "spatial",
          0.1726125180721283
        ],
        [
          "capabilities",
          0.16043387353420258
        ],
        [
          "skin",
          0.13677307963371277
        ],
        [
          "machine",
          0.13152100145816803
        ],
        [
          "modalities",
          0.11286162585020065
        ],
        [
          "compared",
          0.11272755265235901
        ],
        [
          "advanced",
          0.10695591568946838
        ]
      ],
      "3": [
        [
          "patients",
          0.2767375409603119
        ],
        [
          "studies",
          0.2443254590034485
        ],
        [
          "measurements",
          0.13755489885807037
        ],
        [
          "vivo",
          0.12878556549549103
        ],
        [
          "small",
          0.11741752177476883
        ],
        [
          "systems",
          0.11699259281158447
        ],
        [
          "tissue",
          0.10706927627325058
        ],
        [
          "literature",
          0.10575523227453232
        ],
        [
          "detection",
          0.09648985415697098
        ],
        [
          "performed",
          0.09486203640699387
        ]
      ],
      "4": [
        [
          "biological",
          0.3039444386959076
        ],
        [
          "tissue",
          0.23762479424476624
        ],
        [
          "brain",
          0.20550139248371124
        ],
        [
          "information",
          0.16212280094623566
        ],
        [
          "images",
          0.13679853081703186
        ],
        [
          "proposed",
          0.13154301047325134
        ],
        [
          "technology",
          0.1234215721487999
        ],
        [
          "acquisition",
          0.10859966278076172
        ],
        [
          "tissues",
          0.10361512005329132
        ],
        [
          "data",
          0.09813292324542999
        ]
      ],
      "5": [
        [
          "medical",
          0.4161231219768524
        ],
        [
          "learning",
          0.2650647461414337
        ],
        [
          "algorithms",
          0.10998393595218658
        ],
        [
          "research",
          0.10358665138483047
        ],
        [
          "medical applications",
          0.10252320766448975
        ],
        [
          "images",
          0.09506610780954361
        ],
        [
          "future",
          0.08695007115602493
        ],
        [
          "study",
          0.08580628782510757
        ],
        [
          "techniques",
          0.0835789367556572
        ],
        [
          "machine",
          0.08230596035718918
        ]
      ],
      "6": [
        [
          "disease",
          0.5644947290420532
        ],
        [
          "disorders",
          0.38356950879096985
        ],
        [
          "field",
          0.18619892001152039
        ],
        [
          "current",
          0.15843746066093445
        ],
        [
          "clinical",
          0.15339940786361694
        ],
        [
          "brain",
          0.1447315365076065
        ],
        [
          "early",
          0.1382063925266266
        ],
        [
          "approaches",
          0.13246245682239532
        ],
        [
          "diseases",
          0.13208262622356415
        ],
        [
          "significant",
          0.13208262622356415
        ]
      ],
      "7": [
        [
          "cancer",
          0.3466951251029968
        ],
        [
          "accuracy",
          0.1892331838607788
        ],
        [
          "aided",
          0.18233056366443634
        ],
        [
          "computer aided",
          0.18233056366443634
        ],
        [
          "computer",
          0.1645251214504242
        ],
        [
          "detection",
          0.1552368700504303
        ],
        [
          "diagnostic",
          0.15179769694805145
        ],
        [
          "sensitivity",
          0.15156708657741547
        ],
        [
          "studies",
          0.13269132375717163
        ],
        [
          "skin",
          0.12872061133384705
        ]
      ],
      "8": [
        [
          "multispectral",
          0.3862868845462799
        ],
        [
          "lesions",
          0.3308452367782593
        ],
        [
          "skin",
          0.22551153600215912
        ],
        [
          "multispectral imaging",
          0.17164379358291626
        ],
        [
          "level",
          0.14073792099952698
        ],
        [
          "advances",
          0.10047925263643265
        ],
        [
          "tissue",
          0.09893765300512314
        ],
        [
          "technique",
          0.0965464636683464
        ],
        [
          "allows",
          0.09629260748624802
        ],
        [
          "summarize",
          0.09629260748624802
        ]
      ],
      "9": [
        [
          "high",
          0.5172461271286011
        ],
        [
          "approach",
          0.31016749143600464
        ],
        [
          "spectra",
          0.31016749143600464
        ],
        [
          "resolution",
          0.279878169298172
        ],
        [
          "using",
          0.19449736177921295
        ],
        [
          "characterization",
          0.15508374571800232
        ],
        [
          "emerging",
          0.15508374571800232
        ],
        [
          "mapping",
          0.15508374571800232
        ],
        [
          "guidance",
          0.15508374571800232
        ],
        [
          "noninvasive",
          0.15508374571800232
        ]
      ]
    },