{
  "experiment_name": "gaussianMixture_fasttext_2086",
  "n_documents": 2086,
  "n_features": 100,
  "n_clusters_found": 5,
  "metrics": {
    "silhouette": 0.1393960565328598,
    "davies_bouldin": 2.9197658266087227,
    "calinski_harabasz": 151.957795087624
  },
  "objective": 275.06243896484375,
  "cluster_sizes": {
    "0": 678,
    "1": 422,
    "2": 390,
    "3": 186,
    "4": 410
  },
  "interpretation": {
    "cluster_terms": {
      "0": [
        [
          "imaging",
          0.042418286204338074
        ],
        [
          "based",
          0.02923181653022766
        ],
        [
          "method",
          0.028543075546622276
        ],
        [
          "medical",
          0.02722690999507904
        ],
        [
          "information",
          0.02559031918644905
        ],
        [
          "learning",
          0.024834515526890755
        ],
        [
          "methods",
          0.02439139410853386
        ],
        [
          "classification",
          0.023960979655385017
        ],
        [
          "proposed",
          0.023529917001724243
        ],
        [
          "spatial",
          0.0219996590167284
        ]
      ],
      "1": [
        [
          "imaging",
          0.059657759964466095
        ],
        [
          "tissue",
          0.042414069175720215
        ],
        [
          "tumor",
          0.031423620879650116
        ],
        [
          "cell",
          0.030455049127340317
        ],
        [
          "vivo",
          0.02880806103348732
        ],
        [
          "cancer",
          0.028434213250875473
        ],
        [
          "cells",
          0.027360619977116585
        ],
        [
          "fluorescence",
          0.024943016469478607
        ],
        [
          "clinical",
          0.024023057892918587
        ],
        [
          "optical",
          0.02400199882686138
        ]
      ],
      "2": [
        [
          "imaging",
          0.058647170662879944
        ],
        [
          "nm",
          0.04404045641422272
        ],
        [
          "optical",
          0.03661727532744408
        ],
        [
          "resolution",
          0.032922595739364624
        ],
        [
          "high",
          0.028472015634179115
        ],
        [
          "light",
          0.025384794920682907
        ],
        [
          "fluorescence",
          0.023943040519952774
        ],
        [
          "wavelength",
          0.022614408284425735
        ],
        [
          "raman",
          0.021955544129014015
        ],
        [
          "based",
          0.021954424679279327
        ]
      ],
      "3": [
        [
          "patients",
          0.046043556183576584
        ],
        [
          "imaging",
          0.03339141234755516
        ],
        [
          "tissue",
          0.031452979892492294
        ],
        [
          "study",
          0.0304383747279644
        ],
        [
          "perfusion",
          0.02832900360226631
        ],
        [
          "clinical",
          0.025225333869457245
        ],
        [
          "skin",
          0.024418169632554054
        ],
        [
          "nm",
          0.024231836199760437
        ],
        [
          "lesions",
          0.02114936150610447
        ],
        [
          "sensitivity",
          0.019756203517317772
        ]
      ],
      "4": [
        [
          "tissue",
          0.03792046383023262
        ],
        [
          "imaging",
          0.03780202940106392
        ],
        [
          "classification",
          0.03213317319750786
        ],
        [
          "skin",
          0.031251005828380585
        ],
        [
          "patients",
          0.030454887077212334
        ],
        [
          "tumor",
          0.030037833377718925
        ],
        [
          "cancer",
          0.028836458921432495
        ],
        [
          "burn",
          0.028590457513928413
        ],
        [
          "clinical",
          0.027054939419031143
        ],
        [
          "tongue",
          0.02586418204009533
        ]
      ]
    },
    "metadata": {
      "interpreter": "tfidf",
      "top_n_terms": 10,
      "uses_original_features": true,
      "uses_original_feature_names": true,
      "labels_true_provided": false
    }
  },
  "elapsed_seconds": 823.5143821
}