{
  "experiment_name": "hdbscan_tfidf_2086",
  "n_documents": 2086,
  "n_features": 100,
  "n_clusters_found": 9,
  "metrics": {
    "silhouette": 0.019441409036517143,
    "davies_bouldin": 3.476095659721325,
    "calinski_harabasz": 22.91511778029764
  },
  "objective": null,
  "cluster_sizes": {
    "-1": 1413,
    "0": 30,
    "1": 38,
    "2": 41,
    "3": 75,
    "4": 143,
    "5": 76,
    "6": 148,
    "7": 79,
    "8": 43
  },
  "interpretation": {
    "cluster_terms": {
      "-1": [
        [
          "spectral",
          0.050240833312273026
        ],
        [
          "tissue",
          0.03858611732721329
        ],
        [
          "multispectral",
          0.03742721676826477
        ],
        [
          "images",
          0.036328647285699844
        ],
        [
          "data",
          0.035724472254514694
        ],
        [
          "image",
          0.03548099845647812
        ],
        [
          "hyperspectral imaging",
          0.03121618553996086
        ],
        [
          "optical",
          0.03118474781513214
        ],
        [
          "detection",
          0.028678597882390022
        ],
        [
          "high",
          0.0275112371891737
        ]
      ],
      "0": [
        [
          "retinal",
          0.24612538516521454
        ],
        [
          "registration",
          0.16506461799144745
        ],
        [
          "noise",
          0.131427600979805
        ],
        [
          "image",
          0.09986121207475662
        ],
        [
          "images",
          0.08132147789001465
        ],
        [
          "fundus",
          0.06167304143309593
        ],
        [
          "spectral",
          0.0585821270942688
        ],
        [
          "prior",
          0.05106469243764877
        ],
        [
          "snapshot",
          0.04475279152393341
        ],
        [
          "method",
          0.04331538826227188
        ]
      ],
      "1": [
        [
          "pai",
          0.2883095443248749
        ],
        [
          "photoacoustic",
          0.24318815767765045
        ],
        [
          "photoacoustic imaging",
          0.14790266752243042
        ],
        [
          "ultrasound",
          0.10226473957300186
        ],
        [
          "optical",
          0.0997447744011879
        ],
        [
          "properties",
          0.06353412568569183
        ],
        [
          "tissue",
          0.05544232204556465
        ],
        [
          "optical properties",
          0.04969848692417145
        ],
        [
          "phantoms",
          0.04813457280397415
        ],
        [
          "contrast",
          0.04419342428445816
        ]
      ],
      "2": [
        [
          "tensor",
          0.2160850614309311
        ],
        [
          "processing",
          0.11927102506160736
        ],
        [
          "band",
          0.08296507596969604
        ],
        [
          "dimensionality",
          0.07773248106241226
        ],
        [
          "image",
          0.07339751720428467
        ],
        [
          "image processing",
          0.061193156987428665
        ],
        [
          "images",
          0.06115814670920372
        ],
        [
          "data",
          0.060233429074287415
        ],
        [
          "selection",
          0.056903768330812454
        ],
        [
          "bands",
          0.05688418820500374
        ]
      ],
      "3": [
        [
          "skin",
          0.30547478795051575
        ],
        [
          "melanoma",
          0.17337431013584137
        ],
        [
          "lesions",
          0.08883672207593918
        ],
        [
          "lesion",
          0.050896864384412766
        ],
        [
          "skin cancer",
          0.045084334909915924
        ],
        [
          "multispectral",
          0.04340909421443939
        ],
        [
          "diagnosis",
          0.04232288524508476
        ],
        [
          "non",
          0.03942636027932167
        ],
        [
          "spectral",
          0.039158303290605545
        ],
        [
          "thickness",
          0.03801476210355759
        ]
      ],
      "4": [
        [
          "perfusion",
          0.15467263758182526
        ],
        [
          "wound",
          0.10529301315546036
        ],
        [
          "burn",
          0.0985688641667366
        ],
        [
          "tissue",
          0.09245894849300385
        ],
        [
          "patients",
          0.07888484001159668
        ],
        [
          "healing",
          0.07214366644620895
        ],
        [
          "oxygenation",
          0.0700051337480545
        ],
        [
          "hyperspectral imaging",
          0.0618070587515831
        ],
        [
          "flap",
          0.06029103696346283
        ],
        [
          "surgery",
          0.05446338653564453
        ]
      ],
      "5": [
        [
          "msot",
          0.20840102434158325
        ],
        [
          "optoacoustic",
          0.16983401775360107
        ],
        [
          "optoacoustic tomography",
          0.11038365960121155
        ],
        [
          "multispectral optoacoustic",
          0.10242773592472076
        ],
        [
          "tomography",
          0.10072112828493118
        ],
        [
          "nanoparticles",
          0.09301439672708511
        ],
        [
          "tumor",
          0.07560431212186813
        ],
        [
          "tomography msot",
          0.0597037635743618
        ],
        [
          "multispectral",
          0.05691249668598175
        ],
        [
          "ct",
          0.05682680383324623
        ]
      ],
      "6": [
        [
          "segmentation",
          0.1159004494547844
        ],
        [
          "fusion",
          0.08659155666828156
        ],
        [
          "mri",
          0.07187364250421524
        ],
        [
          "image",
          0.07044832408428192
        ],
        [
          "brain",
          0.06788704544305801
        ],
        [
          "images",
          0.06778039783239365
        ],
        [
          "classification",
          0.06522514671087265
        ],
        [
          "network",
          0.059860557317733765
        ],
        [
          "learning",
          0.05122945457696915
        ],
        [
          "deep",
          0.0488416850566864
        ]
      ],
      "7": [
        [
          "cells",
          0.13019929826259613
        ],
        [
          "cell",
          0.12123781442642212
        ],
        [
          "immune",
          0.12026265263557434
        ],
        [
          "pa",
          0.11845571547746658
        ],
        [
          "breast",
          0.11509204655885696
        ],
        [
          "tumor",
          0.10125628858804703
        ],
        [
          "cancer",
          0.08476737886667252
        ],
        [
          "pa imaging",
          0.06754346936941147
        ],
        [
          "breast cancer",
          0.06691009551286697
        ],
        [
          "pd",
          0.06653645634651184
        ]
      ],