{
  "experiment_name": "affinityPropagation_tfidf",
  "n_documents": 41,
  "n_features": 41,
  "n_clusters_found": 10,
  "metrics": {
    "silhouette": 0.09430693089962006,
    "davies_bouldin": 2.035909101742696,
    "calinski_harabasz": 2.0411901659561913
  },
  "objective": null,
  "cluster_sizes": {
    "0": 3,
    "1": 4,
    "2": 3,
    "3": 3,
    "4": 4,
    "5": 4,
    "6": 5,
    "7": 4,
    "8": 7,
    "9": 4
  },
  "interpretation": {
    "cluster_terms": {
      "0": [
        [
          "biological",
          0.31435561180114746
        ],
        [
          "high",
          0.20148737728595734
        ],
        [
          "proposed",
          0.18283219635486603
        ],
        [
          "tissue",
          0.17780470848083496
        ],
        [
          "resolution",
          0.17745375633239746
        ],
        [
          "images",
          0.16050899028778076
        ],
        [
          "tissues",
          0.13956297934055328
        ],
        [
          "using",
          0.11165744066238403
        ],
        [
          "use",
          0.11073878407478333
        ],
        [
          "different",
          0.10503213852643967
        ]
      ],
      "1": [
        [
          "patients",
          0.3594525158405304
        ],
        [
          "studies",
          0.19572678208351135
        ],
        [
          "vivo",
          0.19317835569381714
        ],
        [
          "systems",
          0.1754888892173767
        ],
        [
          "multispectral",
          0.14205293357372284
        ],
        [
          "reported",
          0.13531024754047394
        ],
        [
          "small",
          0.12842005491256714
        ],
        [
          "surgical",
          0.1227046549320221
        ],
        [
          "systematic",
          0.12185077369213104
        ],
        [
          "current",
          0.1107930988073349
        ]
      ],
      "2": [
        [
          "disease",
          0.43661269545555115
        ],
        [
          "disorders",
          0.25571301579475403
        ],
        [
          "diseases",
          0.22902612388134003
        ],
        [
          "field",
          0.17388641834259033
        ],
        [
          "data",
          0.14319773018360138
        ],
        [
          "monitoring",
          0.1326429843902588
        ],
        [
          "overview",
          0.11463967710733414
        ],
        [
          "advances",
          0.10964247584342957
        ],
        [
          "current",
          0.1056249737739563
        ],
        [
          "clinical",
          0.10226627439260483
        ]
      ],
      "3": [
        [
          "medical",
          0.5741161704063416
        ],
        [
          "medical applications",
          0.23922081291675568
        ],
        [
          "research",
          0.1543179154396057
        ],
        [
          "challenges",
          0.13852716982364655
        ],
        [
          "clinical",
          0.13571332395076752
        ],
        [
          "limitations",
          0.12406790256500244
        ],
        [
          "field",
          0.12219184637069702
        ],
        [
          "future",
          0.11389797925949097
        ],
        [
          "study",
          0.10022153705358505
        ],
        [
          "technology",
          0.09336364269256592
        ]
      ],
      "4": [
        [
          "perfusion",
          0.28981804847717285
        ],
        [
          "clinical",
          0.20756623148918152
        ],
        [
          "surgery",
          0.15532995760440826
        ],
        [
          "measurements",
          0.15272846817970276
        ],
        [
          "literature",
          0.1388227790594101
        ],
        [
          "gastrointestinal",
          0.1309315264225006
        ],
        [
          "promising",
          0.12953852117061615
        ],
        [
          "results",
          0.12590335309505463
        ],
        [
          "spectral imaging",
          0.12188654392957687
        ],
        [
          "tissue",
          0.11177965998649597
        ]
      ],
      "5": [
        [
          "brain",
          0.25687673687934875
        ],
        [
          "tissue",
          0.22596722841262817
        ],
        [
          "technology",
          0.22584006190299988
        ],
        [
          "information",
          0.2155309021472931
        ],
        [
          "biological",
          0.14416386187076569
        ],
        [
          "diagnosis",
          0.1432829201221466
        ],
        [
          "recent",
          0.13891638815402985
        ],
        [
          "acquisition",
          0.13574957847595215
        ],
        [
          "disease diagnosis",
          0.12388642132282257
        ],
        [
          "disease",
          0.11766623705625534
        ]
      ],
      "6": [
        [
          "cancer",
          0.2477787286043167
        ],
        [
          "studies",
          0.2197546511888504
        ],
        [
          "accuracy",
          0.19464938342571259
        ],
        [
          "detection",
          0.18797557055950165
        ],
        [
          "meta",
          0.16865138709545135
        ],
        [
          "sensitivity",
          0.16821619868278503
        ],
        [
          "meta analysis",
          0.16164129972457886
        ],
        [
          "techniques",
          0.13572357594966888
        ],
        [
          "computer aided",
          0.1304277926683426
        ],
        [
          "aided",
          0.1304277926683426
        ]
      ],
      "7": [
        [
          "skin",
          0.3441341519355774
        ],
        [
          "cancer",
          0.18563562631607056
        ],
        [
          "skin cancer",
          0.1827908754348755
        ],
        [
          "color",
          0.17858223617076874
        ],
        [
          "light",
          0.1503034085035324
        ],
        [
          "compared",
          0.13608048856258392
        ],
        [
          "detection",
          0.11591410636901855
        ],
        [
          "systematic",
          0.11379756778478622
        ],
        [
          "multispectral",
          0.0970379039645195
        ],
        [
          "systematic review",
          0.0970379039645195
        ]
      ],
      "8": [
        [
          "multispectral",
          0.17109329998493195
        ],
        [
          "vision",
          0.15134884417057037
        ],
        [
          "technology",
          0.12809477746486664
        ],
        [
          "spectroscopy",
          0.11718743294477463
        ],
        [
          "capabilities",
          0.11515176296234131
        ],
        [
          "technologies",
          0.11312877386808395
        ],
        [
          "different",
          0.10333538055419922
        ],
        [
          "based",
          0.09949515014886856
        ],
        [
          "lesions",
          0.09613017737865448
        ],
        [
          "multispectral imaging",
          0.09270405024290085
        ]
      ],