{
  "experiment_name": "affinityPropagation_tfidf",
  "n_documents": 41,
  "n_features": 40,
  "n_clusters_found": 9,
  "metrics": {
    "silhouette": 0.0911928117275238,
    "davies_bouldin": 2.0933003434378477,
    "calinski_harabasz": 2.054876870442089
  },
  "objective": null,
  "cluster_sizes": {
    "0": 3,
    "1": 5,
    "2": 3,
    "3": 3,
    "4": 4,
    "5": 4,
    "6": 8,
    "7": 7,
    "8": 4
  },
  "interpretation": {
    "cluster_terms": {
      "0": [
        [
          "biological",
          0.31435561180114746
        ],
        [
          "high",
          0.20148737728595734
        ],
        [
          "proposed",
          0.18283219635486603
        ],
        [
          "tissue",
          0.17780470848083496
        ],
        [
          "resolution",
          0.17745375633239746
        ],
        [
          "images",
          0.16050899028778076
        ],
        [
          "tissues",
          0.13956297934055328
        ],
        [
          "using",
          0.11165744066238403
        ],
        [
          "use",
          0.11073878407478333
        ],
        [
          "different",
          0.10503213852643967
        ]
      ],
      "1": [
        [
          "patients",
          0.2875620126724243
        ],
        [
          "systems",
          0.1718224585056305
        ],
        [
          "studies",
          0.15658143162727356
        ],
        [
          "vivo",
          0.1545426845550537
        ],
        [
          "multispectral",
          0.14749036729335785
        ],
        [
          "systematic",
          0.14636453986167908
        ],
        [
          "lesions",
          0.13489624857902527
        ],
        [
          "tissue",
          0.1249980702996254
        ],
        [
          "small",
          0.1219634860754013
        ],
        [
          "systematic review",
          0.11853059381246567
        ]
      ],
      "2": [
        [
          "disease",
          0.43661269545555115
        ],
        [
          "disorders",
          0.25571301579475403
        ],
        [
          "diseases",
          0.22902612388134003
        ],
        [
          "field",
          0.17388641834259033
        ],
        [
          "data",
          0.14319773018360138
        ],
        [
          "monitoring",
          0.1326429843902588
        ],
        [
          "overview",
          0.11463967710733414
        ],
        [
          "advances",
          0.10964247584342957
        ],
        [
          "current",
          0.1056249737739563
        ],
        [
          "clinical",
          0.10226627439260483
        ]
      ],
      "3": [
        [
          "medical",
          0.5741161704063416
        ],
        [
          "medical applications",
          0.23922081291675568
        ],
        [
          "research",
          0.1543179154396057
        ],
        [
          "challenges",
          0.13852716982364655
        ],
        [
          "clinical",
          0.13571332395076752
        ],
        [
          "limitations",
          0.12406790256500244
        ],
        [
          "field",
          0.12219184637069702
        ],
        [
          "future",
          0.11389797925949097
        ],
        [
          "study",
          0.10022153705358505
        ],
        [
          "technology",
          0.09336364269256592
        ]
      ],
      "4": [
        [
          "perfusion",
          0.28981804847717285
        ],
        [
          "clinical",
          0.20756623148918152
        ],
        [
          "surgery",
          0.15532995760440826
        ],
        [
          "measurements",
          0.15272846817970276
        ],
        [
          "literature",
          0.1388227790594101
        ],
        [
          "gastrointestinal",
          0.1309315264225006
        ],
        [
          "promising",
          0.12953852117061615
        ],
        [
          "results",
          0.12590335309505463
        ],
        [
          "spectral imaging",
          0.12188654392957687
        ],
        [
          "tissue",
          0.11177965998649597
        ]
      ],
      "5": [
        [
          "brain",
          0.25687673687934875
        ],
        [
          "tissue",
          0.22596722841262817
        ],
        [
          "technology",
          0.22584006190299988
        ],
        [
          "information",
          0.2155309021472931
        ],
        [
          "biological",
          0.14416386187076569
        ],
        [
          "diagnosis",
          0.1432829201221466
        ],
        [
          "recent",
          0.13891638815402985
        ],
        [
          "acquisition",
          0.13574957847595215
        ],
        [
          "disease diagnosis",
          0.12388642132282257
        ],
        [
          "disease",
          0.11766623705625534
        ]
      ],
      "6": [
        [
          "cancer",
          0.23785720765590668
        ],
        [
          "studies",
          0.1589510142803192
        ],
        [
          "detection",
          0.1511216014623642
        ],
        [
          "accuracy",
          0.14332318305969238
        ],
        [
          "skin",
          0.1146436482667923
        ],
        [
          "computer aided",
          0.11395660042762756
        ],
        [
          "aided",
          0.11395660042762756
        ],
        [
          "sensitivity",
          0.11199873685836792
        ],
        [
          "computer",
          0.11177283525466919
        ],
        [
          "color",
          0.11149304360151291
        ]
      ],
      "7": [
        [
          "multispectral",
          0.17109329998493195
        ],
        [
          "vision",
          0.15134884417057037
        ],
        [
          "technology",
          0.12809477746486664
        ],
        [
          "spectroscopy",
          0.11718743294477463
        ],
        [
          "capabilities",
          0.11515176296234131
        ],
        [
          "technologies",
          0.11312877386808395
        ],
        [
          "different",
          0.10333538055419922
        ],
        [
          "based",
          0.09949515014886856
        ],
        [
          "lesions",
          0.09613017737865448
        ],
        [
          "multispectral imaging",
          0.09270405024290085
        ]
      ],
      "8": [
        [
          "learning",
          0.41566184163093567
        ],
        [
          "medical",
          0.29762840270996094
        ],
        [
          "images",
          0.16636568307876587
        ],
        [
          "algorithms",
          0.15959838032722473
        ],
        [
          "techniques",
          0.14626313745975494
        ],
        [
          "image",
          0.12640903890132904
        ],
        [
          "data",
          0.11798225343227386
        ],
        [
          "various",
          0.10705633461475372
        ],
        [
          "machine",
          0.10017307102680206
        ],
        [
          "systems",
          0.09833031892776489
        ]
      ]
    },
    "metadata": {
      "interpreter": "tfidf",
      "top_n_terms": 10,
      "uses_original_features": true,
      "uses_original_feature_names": true,
      "labels_true_provided": false
    }
  },
  "elapsed_seconds": 0.027854800000568503
}