{
  "experiment_name": "spectral_tfidf_2086",
  "n_documents": 2086,
  "n_features": 100,
  "n_clusters_found": 10,
  "metrics": {
    "silhouette": 0.05615251511335373,
    "davies_bouldin": 2.717434781605794,
    "calinski_harabasz": 23.92345913924618
  },
  "objective": null,
  "cluster_sizes": {
    "0": 233,
    "1": 1527,
    "2": 16,
    "3": 36,
    "4": 16,
    "5": 73,
    "6": 18,
    "7": 35,
    "8": 103,
    "9": 29
  },
  "interpretation": {
    "cluster_terms": {
      "0": [
        [
          "cells",
          0.08868512511253357
        ],
        [
          "cell",
          0.08783989399671555
        ],
        [
          "msot",
          0.08512162417173386
        ],
        [
          "optoacoustic",
          0.08005302399396896
        ],
        [
          "melanoma",
          0.07020272314548492
        ],
        [
          "tumor",
          0.06205408647656441
        ],
        [
          "cancer",
          0.055776797235012054
        ],
        [
          "immune",
          0.04918158799409866
        ],
        [
          "tomography",
          0.04750519618391991
        ],
        [
          "optoacoustic tomography",
          0.04647687077522278
        ]
      ],
      "1": [
        [
          "spectral",
          0.051544103771448135
        ],
        [
          "image",
          0.0415642112493515
        ],
        [
          "images",
          0.041102085262537
        ],
        [
          "tissue",
          0.040425579994916916
        ],
        [
          "multispectral",
          0.03630528226494789
        ],
        [
          "data",
          0.036208659410476685
        ],
        [
          "hyperspectral imaging",
          0.03347800299525261
        ],
        [
          "classification",
          0.02998860739171505
        ],
        [
          "method",
          0.02900058962404728
        ],
        [
          "optical",
          0.027571460232138634
        ]
      ],
      "2": [
        [
          "tensor",
          0.5648940801620483
        ],
        [
          "low",
          0.11729785799980164
        ],
        [
          "dimensionality",
          0.09329210966825485
        ],
        [
          "matrix",
          0.09103327989578247
        ],
        [
          "data",
          0.08277404308319092
        ],
        [
          "medical hyperspectral",
          0.06791403144598007
        ],
        [
          "reduction",
          0.06513214856386185
        ],
        [
          "medical",
          0.06329317390918732
        ],
        [
          "framework",
          0.06182286515831947
        ],
        [
          "proposed",
          0.058532170951366425
        ]
      ],
      "3": [
        [
          "wound",
          0.3506218194961548
        ],
        [
          "healing",
          0.2546103298664093
        ],
        [
          "wound healing",
          0.1492488831281662
        ],
        [
          "tissue",
          0.09827468544244766
        ],
        [
          "diabetic",
          0.0919622853398323
        ],
        [
          "wounds",
          0.07654701918363571
        ],
        [
          "oxygenation",
          0.06688923388719559
        ],
        [
          "perfusion",
          0.06462058424949646
        ],
        [
          "hyperspectral imaging",
          0.058863863348960876
        ],
        [
          "oxygen",
          0.05487673729658127
        ]
      ],
      "4": [
        [
          "flap",
          0.538758397102356
        ],
        [
          "perfusion",
          0.2115621268749237
        ],
        [
          "free",
          0.12667511403560638
        ],
        [
          "monitoring",
          0.10233116149902344
        ],
        [
          "tissue",
          0.10178712755441666
        ],
        [
          "index",
          0.08905010670423508
        ],
        [
          "sto",
          0.08801376819610596
        ],
        [
          "surgery",
          0.07428231090307236
        ],
        [
          "hyperspectral imaging",
          0.06904976814985275
        ],
        [
          "hemoglobin",
          0.06899049878120422
        ]
      ],
      "5": [
        [
          "raman",
          0.38165271282196045
        ],
        [
          "srs",
          0.10723114013671875
        ],
        [
          "raman scattering",
          0.09174224734306335
        ],
        [
          "microscopy",
          0.08536481112241745
        ],
        [
          "scattering",
          0.08197659999132156
        ],
        [
          "spectral",
          0.05763716250658035
        ],
        [
          "cells",
          0.05658666417002678
        ],
        [
          "spectroscopy",
          0.054104387760162354
        ],
        [
          "chemical",
          0.05381692200899124
        ],
        [
          "free",
          0.04899872839450836
        ]
      ],
      "6": [
        [
          "tongue",
          0.728294849395752
        ],
        [
          "medicine",
          0.07703118771314621
        ],
        [
          "color",
          0.06845098733901978
        ],
        [
          "diagnosis",
          0.06465733796358109
        ],
        [
          "images",
          0.06078856438398361
        ],
        [
          "information",
          0.05519675835967064
        ],
        [
          "traditional",
          0.0480886809527874
        ],
        [
          "method",
          0.04680211842060089
        ],
        [
          "spectral",
          0.04544753208756447
        ],
        [
          "vector",
          0.04236609488725662
        ]
      ],
      "7": [
        [
          "liver",
          0.23543864488601685
        ],
        [
          "thermal",
          0.20468538999557495
        ],
        [
          "registration",
          0.12686459720134735
        ],
        [
          "images",
          0.04569074511528015
        ],
        [
          "image",
          0.04209476709365845
        ],
        [
          "index",
          0.03862485662102699
        ],
        [
          "infrared",
          0.03845183923840523
        ],
        [
          "spectral",
          0.03583068400621414
        ],
        [
          "tissue",
          0.03364485874772072
        ],
        [
          "multispectral",
          0.033510129898786545
        ]
      ],
      "8": [
        [
          "photoacoustic",
          0.23291809856891632
        ],
        [
          "pa",
          0.13746687769889832
        ],
        [
          "pai",
          0.12227414548397064
        ],
        [
          "photoacoustic imaging",
          0.09148658066987991
        ],
        [
          "ultrasound",
          0.07255224138498306
        ],
        [
          "pat",
          0.07165256887674332
        ],
        [
          "pa imaging",
          0.0695096105337143
        ],
        [
          "optical",
          0.056630682200193405
        ],
        [
          "tomography",
          0.04697224125266075
        ],
        [
          "vivo",
          0.04661167040467262
        ]
      ],