{
  "experiment_name": "optics_tfidf_2086",
  "n_documents": 2086,
  "n_features": 100,
  "n_clusters_found": 1,
  "metrics": {
    "silhouette": 0.05994307994842529,
    "davies_bouldin": 1.2141481885763068,
    "calinski_harabasz": 15.62638434689137
  },
  "objective": null,
  "cluster_sizes": {
    "-1": 2071,
    "0": 15
  },
  "interpretation": {
    "cluster_terms": {
      "-1": [
        [
          "segmentation",
          0.012575646862387657
        ],
        [
          "raman",
          0.011452180333435535
        ],
        [
          "photoacoustic",
          0.010788271203637123
        ],
        [
          "perfusion",
          0.010747241787612438
        ],
        [
          "brain",
          0.009964537806808949
        ],
        [
          "lesions",
          0.009052416309714317
        ],
        [
          "fusion",
          0.009037300944328308
        ],
        [
          "3d",
          0.008950932882726192
        ],
        [
          "deep learning",
          0.008739542216062546
        ],
        [
          "optoacoustic",
          0.00841338187456131
        ]
      ],
      "0": [
        [
          "tongue",
          0.6891191601753235
        ],
        [
          "tongue diagnosis",
          0.08179783076047897
        ],
        [
          "medicine",
          0.08099100738763809
        ],
        [
          "coating",
          0.07136639207601547
        ],
        [
          "tongue images",
          0.06578370183706284
        ],
        [
          "tongue color",
          0.0639808252453804
        ],
        [
          "kampo",
          0.06392254680395126
        ],
        [
          "tcm",
          0.06026361137628555
        ],
        [
          "chinese medicine",
          0.04750225320458412
        ],
        [
          "chinese",
          0.04576849192380905
        ]
      ]
    },
    "metadata": {
      "interpreter": "tfidf",
      "top_n_terms": 10,
      "uses_original_features": true,
      "uses_original_feature_names": true,
      "labels_true_provided": false
    }
  },
  "elapsed_seconds": 1792.9611437000021
}