{
  "experiment_name": "gaussianMixture_tfidf",
  "n_documents": 41,
  "n_features": 41,
  "n_clusters_found": 10,
  "metrics": {
    "silhouette": 0.10305348038673401,
    "davies_bouldin": 2.0178064391645587,
    "calinski_harabasz": 1.9930066357076965
  },
  "objective": 220.7342071533203,
  "cluster_sizes": {
    "0": 4,
    "1": 3,
    "2": 6,
    "3": 6,
    "4": 3,
    "5": 3,
    "6": 5,
    "7": 2,
    "8": 4,
    "9": 5
  },
  "interpretation": {
    "cluster_terms": {
      "0": [
        [
          "vision",
          0.2052033394575119
        ],
        [
          "spectroscopy",
          0.20507800579071045
        ],
        [
          "technologies",
          0.19797535240650177
        ],
        [
          "technology",
          0.19169259071350098
        ],
        [
          "based",
          0.17411650717258453
        ],
        [
          "capabilities",
          0.1422717273235321
        ],
        [
          "use",
          0.13917843997478485
        ],
        [
          "spatial",
          0.11897176504135132
        ],
        [
          "different",
          0.10901981592178345
        ],
        [
          "monitoring",
          0.097685307264328
        ]
      ],
      "1": [
        [
          "patients",
          0.33002129197120667
        ],
        [
          "studies",
          0.24189257621765137
        ],
        [
          "detection",
          0.17388767004013062
        ],
        [
          "small",
          0.17034275829792023
        ],
        [
          "meta analysis",
          0.16608119010925293
        ],
        [
          "meta",
          0.15813744068145752
        ],
        [
          "lesions",
          0.15353170037269592
        ],
        [
          "improvement",
          0.1404949575662613
        ],
        [
          "results",
          0.12782548367977142
        ],
        [
          "literature",
          0.11532371491193771
        ]
      ],
      "2": [
        [
          "tissue",
          0.2150716930627823
        ],
        [
          "technology",
          0.19519716501235962
        ],
        [
          "information",
          0.18297897279262543
        ],
        [
          "brain",
          0.17125116288661957
        ],
        [
          "biological",
          0.15509918332099915
        ],
        [
          "provides",
          0.1280081421136856
        ],
        [
          "recent",
          0.1227523609995842
        ],
        [
          "diagnosis",
          0.12194184213876724
        ],
        [
          "data",
          0.11556074768304825
        ],
        [
          "disease",
          0.10858559608459473
        ]
      ],
      "3": [
        [
          "cancer",
          0.266322523355484
        ],
        [
          "accuracy",
          0.1796998232603073
        ],
        [
          "sensitivity",
          0.14933164417743683
        ],
        [
          "aided",
          0.12897361814975739
        ],
        [
          "computer aided",
          0.12897361814975739
        ],
        [
          "specificity",
          0.12852369248867035
        ],
        [
          "high",
          0.12545731663703918
        ],
        [
          "detection",
          0.12314922362565994
        ],
        [
          "computer",
          0.11637873202562332
        ],
        [
          "techniques",
          0.1131029799580574
        ]
      ],
      "4": [
        [
          "medical",
          0.5741161704063416
        ],
        [
          "medical applications",
          0.23922081291675568
        ],
        [
          "research",
          0.1543179154396057
        ],
        [
          "challenges",
          0.13852716982364655
        ],
        [
          "clinical",
          0.13571332395076752
        ],
        [
          "limitations",
          0.12406790256500244
        ],
        [
          "field",
          0.12219184637069702
        ],
        [
          "future",
          0.11389797925949097
        ],
        [
          "study",
          0.10022153705358505
        ],
        [
          "technology",
          0.09336364269256592
        ]
      ],
      "5": [
        [
          "tissue",
          0.24321873486042023
        ],
        [
          "guidance",
          0.23573744297027588
        ],
        [
          "systems",
          0.23398518562316895
        ],
        [
          "vivo",
          0.22463321685791016
        ],
        [
          "surgical",
          0.21825097501277924
        ],
        [
          "patients",
          0.17724277079105377
        ],
        [
          "current",
          0.17623750865459442
        ],
        [
          "studies",
          0.173789381980896
        ],
        [
          "modality",
          0.16426558792591095
        ],
        [
          "different",
          0.12964288890361786
        ]
      ],
      "6": [
        [
          "perfusion",
          0.23185443878173828
        ],
        [
          "clinical",
          0.17663262784481049
        ],
        [
          "light",
          0.14149954915046692
        ],
        [
          "surgery",
          0.12426396459341049
        ],
        [
          "measurements",
          0.12218277156352997
        ],
        [
          "results",
          0.11202124506235123
        ],
        [
          "literature",
          0.11105822026729584
        ],
        [
          "color",
          0.10521237552165985
        ],
        [
          "gastrointestinal",
          0.10474522411823273
        ],
        [
          "promising",
          0.10363081842660904
        ]
      ],
      "7": [
        [
          "disease",
          0.5644947290420532
        ],
        [
          "disorders",
          0.38356950879096985
        ],
        [
          "field",
          0.18619892001152039
        ],
        [
          "current",
          0.15843746066093445
        ],
        [
          "clinical",
          0.15339940786361694
        ],
        [
          "brain",
          0.1447315365076065
        ],
        [
          "early",
          0.1382063925266266
        ],
        [
          "approaches",
          0.13246245682239532
        ],
        [
          "diseases",
          0.13208262622356415
        ],
        [
          "significant",
          0.13208262622356415
        ]
      ],
      "8": [
        [
          "multispectral",
          0.34444305300712585
        ],
        [
          "lesions",
          0.24813392758369446
        ],
        [
          "skin",
          0.19884444773197174
        ],
        [
          "multispectral imaging",
          0.1881544589996338
        ],
        [
          "systematic",
          0.11379756778478622
        ],
        [
          "summarize",
          0.10667222738265991
        ],
        [
          "level",
          0.10555344074964523
        ],
        [
          "systematic review",
          0.0970379039645195
        ],
        [
          "cancer",
          0.09587525576353073
        ],
        [
          "hyperspectral multispectral",
          0.09256373345851898
        ]
      ],