{
  "experiment_name": "spectral_tfidf",
  "n_documents": 41,
  "n_features": 40,
  "n_clusters_found": 10,
  "metrics": {
    "silhouette": 0.11248621344566345,
    "davies_bouldin": 1.9227023029672683,
    "calinski_harabasz": 2.0304430584237467
  },
  "objective": null,
  "cluster_sizes": {
    "0": 4,
    "1": 7,
    "2": 7,
    "3": 5,
    "4": 5,
    "5": 3,
    "6": 3,
    "7": 3,
    "8": 2,
    "9": 2
  },
  "interpretation": {
    "cluster_terms": {
      "0": [
        [
          "multispectral",
          0.22700344026088715
        ],
        [
          "vision",
          0.22437940537929535
        ],
        [
          "capabilities",
          0.17210029065608978
        ],
        [
          "spectroscopy",
          0.162361741065979
        ],
        [
          "technologies",
          0.1611384004354477
        ],
        [
          "use",
          0.13917843997478485
        ],
        [
          "using",
          0.11637936532497406
        ],
        [
          "limitations",
          0.11589036881923676
        ],
        [
          "different",
          0.10901981592178345
        ],
        [
          "monitoring",
          0.097685307264328
        ]
      ],
      "1": [
        [
          "medical",
          0.4161231219768524
        ],
        [
          "learning",
          0.2650647461414337
        ],
        [
          "algorithms",
          0.10998393595218658
        ],
        [
          "research",
          0.10358665138483047
        ],
        [
          "medical applications",
          0.10252320766448975
        ],
        [
          "images",
          0.09506610780954361
        ],
        [
          "future",
          0.08695007115602493
        ],
        [
          "study",
          0.08580628782510757
        ],
        [
          "techniques",
          0.0835789367556572
        ],
        [
          "machine",
          0.08230596035718918
        ]
      ],
      "2": [
        [
          "studies",
          0.2543037235736847
        ],
        [
          "vivo",
          0.15560662746429443
        ],
        [
          "patients",
          0.15194182097911835
        ],
        [
          "measurements",
          0.1288403421640396
        ],
        [
          "tissue",
          0.1241067498922348
        ],
        [
          "detection",
          0.11053942888975143
        ],
        [
          "sensitivity",
          0.10360609740018845
        ],
        [
          "performed",
          0.10188450664281845
        ],
        [
          "systems",
          0.10027936846017838
        ],
        [
          "literature",
          0.0996871367096901
        ]
      ],
      "3": [
        [
          "cancer",
          0.3200102746486664
        ],
        [
          "skin",
          0.18342983722686768
        ],
        [
          "color",
          0.15834781527519226
        ],
        [
          "computer",
          0.14618882536888123
        ],
        [
          "computer aided",
          0.14614960551261902
        ],
        [
          "aided",
          0.14614960551261902
        ],
        [
          "accuracy",
          0.14050821959972382
        ],
        [
          "skin cancer",
          0.12492439895868301
        ],
        [
          "diagnostic",
          0.12128981202840805
        ],
        [
          "light",
          0.12024272978305817
        ]
      ],
      "4": [
        [
          "technology",
          0.31298503279685974
        ],
        [
          "information",
          0.2089732140302658
        ],
        [
          "data",
          0.16146814823150635
        ],
        [
          "recent",
          0.14730283617973328
        ],
        [
          "diagnosis",
          0.14633020758628845
        ],
        [
          "provides",
          0.13105931878089905
        ],
        [
          "disease",
          0.13030271232128143
        ],
        [
          "diseases",
          0.10754618793725967
        ],
        [
          "medical",
          0.10387448221445084
        ],
        [
          "spatial",
          0.10162415355443954
        ]
      ],
      "5": [
        [
          "tissue",
          0.3004351556301117
        ],
        [
          "high",
          0.20013128221035004
        ],
        [
          "brain",
          0.19687767326831818
        ],
        [
          "guidance",
          0.17585261166095734
        ],
        [
          "different",
          0.1451282650232315
        ],
        [
          "used",
          0.13161255419254303
        ],
        [
          "resolution",
          0.13078491389751434
        ],
        [
          "types",
          0.1275855153799057
        ],
        [
          "modality",
          0.12415804713964462
        ],
        [
          "surgical",
          0.12415804713964462
        ]
      ],
      "6": [
        [
          "clinical",
          0.2767549753189087
        ],
        [
          "perfusion",
          0.2761485278606415
        ],
        [
          "surgery",
          0.2071066051721573
        ],
        [
          "gastrointestinal",
          0.17457537353038788
        ],
        [
          "promising",
          0.17271803319454193
        ],
        [
          "results",
          0.1678711324930191
        ],
        [
          "spectral imaging",
          0.16251538693904877
        ],
        [
          "main",
          0.12858641147613525
        ],
        [
          "systems",
          0.12093093991279602
        ],
        [
          "article",
          0.11215275526046753
        ]
      ],
      "7": [
        [
          "lesions",
          0.4071633815765381
        ],
        [
          "patients",
          0.2192113995552063
        ],
        [
          "skin",
          0.15312914550304413
        ],
        [
          "multispectral",
          0.15295983850955963
        ],
        [
          "small",
          0.13878019154071808
        ],
        [
          "multispectral imaging",
          0.13545259833335876
        ],
        [
          "significant",
          0.10200516134500504
        ],
        [
          "level",
          0.10096650570631027
        ],
        [
          "advances",
          0.10047925263643265
        ],
        [
          "tissue",
          0.09893765300512314
        ]
      ],
      "8": [
        [
          "disease",
          0.5644947290420532
        ],
        [
          "disorders",
          0.38356950879096985
        ],
        [
          "field",
          0.18619892001152039
        ],
        [
          "current",
          0.15843746066093445
        ],
        [
          "clinical",
          0.15339940786361694
        ],
        [
          "brain",
          0.1447315365076065
        ],
        [
          "early",
          0.1382063925266266
        ],
        [
          "approaches",
          0.13246245682239532
        ],
        [
          "diseases",
          0.13208262622356415
        ],
        [
          "significant",
          0.13208262622356415
        ]
      ],
      "9": [
        [
          "biological",
          0.4715334177017212
        ],
        [
          "proposed",
          0.27424830198287964
        ],
        [
          "images",
          0.24076348543167114
        ],
        [
          "tissue",
          0.22085599601268768
        ],
        [
          "tissues",
          0.20934447646141052
        ],
        [
          "use",
          0.166108176112175
        ],
        [
          "related",
          0.13258305191993713
        ],
        [
          "resolution",
          0.126241534948349
        ],
        [
          "visualization",
          0.12390640377998352
        ],
        [
          "image",
          0.1213158518075943
        ]
      ]
    },