{
  "experiment_name": "spectral_tfidf",
  "n_documents": 41,
  "n_features": 41,
  "n_clusters_found": 10,
  "metrics": {
    "silhouette": 0.12184976041316986,
    "davies_bouldin": 1.9031598475060776,
    "calinski_harabasz": 2.063600280820583
  },
  "objective": null,
  "cluster_sizes": {
    "0": 2,
    "1": 5,
    "2": 7,
    "3": 3,
    "4": 4,
    "5": 7,
    "6": 3,
    "7": 3,
    "8": 4,
    "9": 3
  },
  "interpretation": {
    "cluster_terms": {
      "0": [
        [
          "disease",
          0.5644947290420532
        ],
        [
          "disorders",
          0.38356950879096985
        ],
        [
          "field",
          0.18619892001152039
        ],
        [
          "current",
          0.15843746066093445
        ],
        [
          "clinical",
          0.15339940786361694
        ],
        [
          "brain",
          0.1447315365076065
        ],
        [
          "early",
          0.1382063925266266
        ],
        [
          "approaches",
          0.13246245682239532
        ],
        [
          "diseases",
          0.13208262622356415
        ],
        [
          "significant",
          0.13208262622356415
        ]
      ],
      "1": [
        [
          "technology",
          0.31298503279685974
        ],
        [
          "information",
          0.2089732140302658
        ],
        [
          "data",
          0.16146814823150635
        ],
        [
          "recent",
          0.14730283617973328
        ],
        [
          "diagnosis",
          0.14633020758628845
        ],
        [
          "provides",
          0.13105931878089905
        ],
        [
          "disease",
          0.13030271232128143
        ],
        [
          "diseases",
          0.10754618793725967
        ],
        [
          "medical",
          0.10387448221445084
        ],
        [
          "spatial",
          0.10162415355443954
        ]
      ],
      "2": [
        [
          "medical",
          0.4161231219768524
        ],
        [
          "learning",
          0.2650647461414337
        ],
        [
          "algorithms",
          0.10998393595218658
        ],
        [
          "research",
          0.10358665138483047
        ],
        [
          "medical applications",
          0.10252320766448975
        ],
        [
          "images",
          0.09506610780954361
        ],
        [
          "future",
          0.08695007115602493
        ],
        [
          "study",
          0.08580628782510757
        ],
        [
          "techniques",
          0.0835789367556572
        ],
        [
          "machine",
          0.08230596035718918
        ]
      ],
      "3": [
        [
          "spectroscopy",
          0.3440706431865692
        ],
        [
          "use",
          0.19608767330646515
        ],
        [
          "vision",
          0.17825984954833984
        ],
        [
          "modalities",
          0.1773117184638977
        ],
        [
          "light",
          0.16803352534770966
        ],
        [
          "technologies",
          0.13955973088741302
        ],
        [
          "spatial",
          0.1345885843038559
        ],
        [
          "based",
          0.1260339766740799
        ],
        [
          "techniques",
          0.1260339766740799
        ],
        [
          "range",
          0.11771374940872192
        ]
      ],
      "4": [
        [
          "cancer",
          0.4000128507614136
        ],
        [
          "computer aided",
          0.18268699944019318
        ],
        [
          "aided",
          0.18268699944019318
        ],
        [
          "computer",
          0.1648467481136322
        ],
        [
          "skin",
          0.1609007567167282
        ],
        [
          "accuracy",
          0.15853865444660187
        ],
        [
          "skin cancer",
          0.15615549683570862
        ],
        [
          "detection",
          0.1389860063791275
        ],
        [
          "diagnostic",
          0.13586610555648804
        ],
        [
          "studies",
          0.12332402914762497
        ]
      ],
      "5": [
        [
          "patients",
          0.23720359802246094
        ],
        [
          "studies",
          0.2337304651737213
        ],
        [
          "vivo",
          0.13487885892391205
        ],
        [
          "measurements",
          0.11790420114994049
        ],
        [
          "detection",
          0.11416848748922348
        ],
        [
          "small",
          0.100643590092659
        ],
        [
          "systems",
          0.10027936846017838
        ],
        [
          "performed",
          0.09245358407497406
        ],
        [
          "tissue",
          0.09177366644144058
        ],
        [
          "systematic",
          0.09106169641017914
        ]
      ],
      "6": [
        [
          "clinical",
          0.2767549753189087
        ],
        [
          "perfusion",
          0.2761485278606415
        ],
        [
          "surgery",
          0.2071066051721573
        ],
        [
          "gastrointestinal",
          0.17457537353038788
        ],
        [
          "promising",
          0.17271803319454193
        ],
        [
          "results",
          0.1678711324930191
        ],
        [
          "spectral imaging",
          0.16251538693904877
        ],
        [
          "main",
          0.12858641147613525
        ],
        [
          "systems",
          0.12093093991279602
        ],
        [
          "article",
          0.11215275526046753
        ]
      ],
      "7": [
        [
          "tissue",
          0.3004351556301117
        ],
        [
          "high",
          0.20013128221035004
        ],
        [
          "brain",
          0.19687767326831818
        ],
        [
          "guidance",
          0.17585261166095734
        ],
        [
          "different",
          0.1451282650232315
        ],
        [
          "used",
          0.13161255419254303
        ],
        [
          "resolution",
          0.13078491389751434
        ],
        [
          "types",
          0.1275855153799057
        ],
        [
          "modality",
          0.12415804713964462
        ],
        [
          "surgical",
          0.12415804713964462
        ]
      ],
      "8": [
        [
          "multispectral",
          0.3417232930660248
        ],
        [
          "lesions",
          0.24813392758369446
        ],
        [
          "multispectral imaging",
          0.18520145118236542
        ],
        [
          "skin",
          0.16913364827632904
        ],
        [
          "hyperspectral multispectral",
          0.12359219044446945
        ],
        [
          "different",
          0.11776604503393173
        ],
        [
          "limitations",
          0.11589036881923676
        ],
        [
          "tissue",
          0.11292274296283722
        ],
        [
          "current",
          0.1079254299402237
        ],
        [
          "level",
          0.10555344074964523
        ]
      ],
      "9": [
        [
          "biological",
          0.31435561180114746
        ],
        [
          "images",
          0.21899670362472534
        ],
        [
          "light",
          0.20040453970432281
        ],
        [
          "proposed",
          0.18283219635486603
        ],
        [
          "color",
          0.17535395920276642
        ],
        [
          "tissue",
          0.14723733067512512
        ],
        [
          "tissues",
          0.13956297934055328
        ],
        [
          "use",
          0.12956970930099487
        ],
        [
          "image",
          0.12130549550056458
        ],
        [
          "compared",
          0.11645383387804031
        ]
      ]
    },