{
  "experiment_name": "gaussianMixture_tfidf_2086",
  "n_documents": 2086,
  "n_features": 100,
  "n_clusters_found": 10,
  "metrics": {
    "silhouette": 0.09964050352573395,
    "davies_bouldin": 3.726936620942626,
    "calinski_harabasz": 40.57276736744526
  },
  "objective": 158.0259246826172,
  "cluster_sizes": {
    "0": 276,
    "1": 113,
    "2": 528,
    "3": 141,
    "4": 80,
    "5": 92,
    "6": 90,
    "7": 382,
    "8": 113,
    "9": 271
  },
  "interpretation": {
    "cluster_terms": {
      "0": [
        [
          "image",
          0.10730072855949402
        ],
        [
          "images",
          0.08960048109292984
        ],
        [
          "segmentation",
          0.06909046322107315
        ],
        [
          "brain",
          0.05827014520764351
        ],
        [
          "mri",
          0.056736502796411514
        ],
        [
          "method",
          0.05042702704668045
        ],
        [
          "fusion",
          0.047520674765110016
        ],
        [
          "multispectral",
          0.045687317848205566
        ],
        [
          "data",
          0.04484569653868675
        ],
        [
          "algorithm",
          0.04151546582579613
        ]
      ],
      "1": [
        [
          "cell",
          0.18907509744167328
        ],
        [
          "cells",
          0.18613781034946442
        ],
        [
          "immune",
          0.10463078320026398
        ],
        [
          "tumor",
          0.09016238898038864
        ],
        [
          "cancer",
          0.06913181394338608
        ],
        [
          "pd",
          0.053841982036828995
        ],
        [
          "expression",
          0.04703386873006821
        ],
        [
          "single",
          0.04103218391537666
        ],
        [
          "microscopy",
          0.03831936791539192
        ],
        [
          "nanoparticles",
          0.034617356956005096
        ]
      ],
      "2": [
        [
          "skin",
          0.06542052328586578
        ],
        [
          "tissue",
          0.05243627354502678
        ],
        [
          "cancer",
          0.04156867787241936
        ],
        [
          "hyperspectral imaging",
          0.03810594230890274
        ],
        [
          "spectral",
          0.03729356452822685
        ],
        [
          "detection",
          0.03579931706190109
        ],
        [
          "multispectral",
          0.03529508784413338
        ],
        [
          "images",
          0.03484051674604416
        ],
        [
          "lesions",
          0.03258128464221954
        ],
        [
          "analysis",
          0.032325178384780884
        ]
      ],
      "3": [
        [
          "perfusion",
          0.1890837848186493
        ],
        [
          "tissue",
          0.1063895970582962
        ],
        [
          "wound",
          0.10267316550016403
        ],
        [
          "oxygenation",
          0.09278695285320282
        ],
        [
          "patients",
          0.08000893890857697
        ],
        [
          "healing",
          0.07175301015377045
        ],
        [
          "flap",
          0.06703166663646698
        ],
        [
          "hyperspectral imaging",
          0.06651538610458374
        ],
        [
          "sto",
          0.05803895369172096
        ],
        [
          "tissue oxygenation",
          0.05759039521217346
        ]
      ],
      "4": [
        [
          "raman",
          0.3688264489173889
        ],
        [
          "srs",
          0.10145469009876251
        ],
        [
          "raman scattering",
          0.08786261826753616
        ],
        [
          "microscopy",
          0.0825689285993576
        ],
        [
          "scattering",
          0.07294714450836182
        ],
        [
          "spectroscopy",
          0.05804917961359024
        ],
        [
          "spectral",
          0.057418953627347946
        ],
        [
          "cells",
          0.05596704035997391
        ],
        [
          "analysis",
          0.05333222076296806
        ],
        [
          "chemical",
          0.050079166889190674
        ]
      ],
      "5": [
        [
          "optoacoustic",
          0.2299945205450058
        ],
        [
          "msot",
          0.22358295321464539
        ],
        [
          "optoacoustic tomography",
          0.12476801872253418
        ],
        [
          "multispectral optoacoustic",
          0.12274276465177536
        ],
        [
          "tomography",
          0.11742257326841354
        ],
        [
          "tomography msot",
          0.06755977123975754
        ],
        [
          "multispectral",
          0.06348590552806854
        ],
        [
          "tumor",
          0.05116744711995125
        ],
        [
          "nanoparticles",
          0.04506516456604004
        ],
        [
          "contrast",
          0.04027627035975456
        ]
      ],
      "6": [
        [
          "fluorescence",
          0.2569468319416046
        ],
        [
          "flim",
          0.10184361040592194
        ],
        [
          "lifetime",
          0.088767409324646
        ],
        [
          "fluorescence imaging",
          0.08076661080121994
        ],
        [
          "tissue",
          0.053979795426130295
        ],
        [
          "vivo",
          0.05188480392098427
        ],
        [
          "multispectral",
          0.047082435339689255
        ],
        [
          "autofluorescence",
          0.04290221631526947
        ],
        [
          "excitation",
          0.0428837314248085
        ],
        [
          "fluorescent",
          0.03861478716135025
        ]
      ],
      "7": [
        [
          "spectral",
          0.08823157101869583
        ],
        [
          "optical",
          0.051604975014925
        ],
        [
          "multispectral",
          0.04981975257396698
        ],
        [
          "applications",
          0.04939649626612663
        ],
        [
          "resolution",
          0.044767141342163086
        ],
        [
          "nm",
          0.042616020888090134
        ],
        [
          "light",
          0.04230358451604843
        ],
        [
          "spatial",
          0.039180900901556015
        ],
        [
          "high",
          0.03788737207651138
        ],
        [
          "biomedical",
          0.037356965243816376
        ]
      ],
      "8": [
        [
          "photoacoustic",
          0.23520773649215698
        ],
        [
          "pa",
          0.12993860244750977
        ],
        [
          "pai",
          0.11969210207462311
        ],
        [
          "photoacoustic imaging",
          0.09388149529695511
        ],
        [
          "ultrasound",
          0.07268542051315308
        ],
        [
          "pa imaging",
          0.06741996109485626
        ],
        [
          "pat",
          0.054556772112846375
        ],
        [
          "optical",
          0.05330130085349083
        ],
        [
          "vivo",
          0.04680652916431427
        ],
        [
          "tomography",
          0.04584967717528343
        ]
      ],