{
  "experiment_name": "gaussianMixture_tfidf_2086",
  "n_documents": 2086,
  "n_features": 100,
  "n_clusters_found": 20,
  "metrics": {
    "silhouette": 0.13955402374267578,
    "davies_bouldin": 3.0673331208113805,
    "calinski_harabasz": 33.24359931241326
  },
  "objective": 209.8233184814453,
  "cluster_sizes": {
    "0": 32,
    "1": 38,
    "2": 57,
    "3": 100,
    "4": 183,
    "5": 101,
    "6": 205,
    "7": 75,
    "8": 99,
    "9": 206,
    "10": 129,
    "11": 104,
    "12": 32,
    "13": 18,
    "14": 40,
    "15": 43,
    "16": 85,
    "17": 383,
    "18": 79,
    "19": 77
  },
  "interpretation": {
    "cluster_terms": {
      "0": [
        [
          "melanoma",
          0.4306999146938324
        ],
        [
          "lesions",
          0.11062563955783844
        ],
        [
          "lesion",
          0.08301729708909988
        ],
        [
          "skin",
          0.059183269739151
        ],
        [
          "diagnostic",
          0.053034160286188126
        ],
        [
          "multispectral",
          0.05233342573046684
        ],
        [
          "detection",
          0.04917924478650093
        ],
        [
          "specificity",
          0.04822935909032822
        ],
        [
          "analysis",
          0.04798530042171478
        ],
        [
          "diagnosis",
          0.04669054597616196
        ]
      ],
      "1": [
        [
          "wound",
          0.3505340814590454
        ],
        [
          "healing",
          0.2506561875343323
        ],
        [
          "wound healing",
          0.151860773563385
        ],
        [
          "tissue",
          0.08805331587791443
        ],
        [
          "diabetic",
          0.08315367251634598
        ],
        [
          "wounds",
          0.07509693503379822
        ],
        [
          "perfusion",
          0.06872721016407013
        ],
        [
          "oxygenation",
          0.06722881644964218
        ],
        [
          "hyperspectral imaging",
          0.05663798376917839
        ],
        [
          "tissue oxygenation",
          0.05289875715970993
        ]
      ],
      "2": [
        [
          "tumor",
          0.34090784192085266
        ],
        [
          "tumors",
          0.08772885054349899
        ],
        [
          "cancer",
          0.071088507771492
        ],
        [
          "tissue",
          0.055691443383693695
        ],
        [
          "cells",
          0.04380427673459053
        ],
        [
          "targeting",
          0.04132702574133873
        ],
        [
          "vivo",
          0.0374499149620533
        ],
        [
          "resection",
          0.03686998784542084
        ],
        [
          "brain",
          0.035587068647146225
        ],
        [
          "multispectral",
          0.03498285636305809
        ]
      ],
      "3": [
        [
          "photoacoustic",
          0.24375416338443756
        ],
        [
          "pai",
          0.13006174564361572
        ],
        [
          "pa",
          0.10934822261333466
        ],
        [
          "photoacoustic imaging",
          0.0996105968952179
        ],
        [
          "ultrasound",
          0.07533252984285355
        ],
        [
          "pat",
          0.0627317726612091
        ],
        [
          "pa imaging",
          0.059825051575899124
        ],
        [
          "optical",
          0.05782534182071686
        ],
        [
          "tomography",
          0.047262802720069885
        ],
        [
          "vivo",
          0.04597542807459831
        ]
      ],
      "4": [
        [
          "image",
          0.14995667338371277
        ],
        [
          "images",
          0.09543270617723465
        ],
        [
          "fusion",
          0.062337104231119156
        ],
        [
          "data",
          0.06179312989115715
        ],
        [
          "proposed",
          0.05601704120635986
        ],
        [
          "method",
          0.05560974031686783
        ],
        [
          "algorithm",
          0.05256476253271103
        ],
        [
          "medical",
          0.05185380578041077
        ],
        [
          "tensor",
          0.04767363891005516
        ],
        [
          "processing",
          0.04698524996638298
        ]
      ],
      "5": [
        [
          "perfusion",
          0.2270982563495636
        ],
        [
          "tissue",
          0.115372434258461
        ],
        [
          "oxygenation",
          0.10298683494329453
        ],
        [
          "flap",
          0.09298789501190186
        ],
        [
          "patients",
          0.08729249984025955
        ],
        [
          "surgery",
          0.07100103795528412
        ],
        [
          "hyperspectral imaging",
          0.06595274806022644
        ],
        [
          "sto",
          0.060592085123062134
        ],
        [
          "index",
          0.058938849717378616
        ],
        [
          "tissue oxygenation",
          0.058468665927648544
        ]
      ],
      "6": [
        [
          "spectral",
          0.10769607126712799
        ],
        [
          "nm",
          0.06396662443876266
        ],
        [
          "resolution",
          0.05818749964237213
        ],
        [
          "applications",
          0.053393520414829254
        ],
        [
          "multispectral",
          0.05335516482591629
        ],
        [
          "optical",
          0.05075454339385033
        ],
        [
          "high",
          0.04939782992005348
        ],
        [
          "infrared",
          0.049391262233257294
        ],
        [
          "biomedical",
          0.048934753984212875
        ],
        [
          "spatial",
          0.04503249377012253
        ]
      ],
      "7": [
        [
          "fluorescence",
          0.2743132412433624
        ],
        [
          "flim",
          0.1173950582742691
        ],
        [
          "lifetime",
          0.1050177663564682
        ],
        [
          "fluorescence imaging",
          0.0900823175907135
        ],
        [
          "vivo",
          0.05408535152673721
        ],
        [
          "tissue",
          0.05369630083441734
        ],
        [
          "multispectral",
          0.049101635813713074
        ],
        [
          "excitation",
          0.048320747911930084
        ],
        [
          "fluorescent",
          0.041171085089445114
        ],
        [
          "spectral",
          0.039584916085004807
        ]
      ],
      "8": [
        [
          "skin",
          0.3476903438568115
        ],
        [
          "lesions",
          0.05836581066250801
        ],
        [
          "spectral",
          0.04741887003183365
        ],
        [
          "severity",
          0.04472101107239723
        ],
        [
          "multispectral",
          0.04214753583073616
        ],
        [
          "skin cancer",
          0.03857867047190666
        ],
        [
          "hyperspectral imaging",
          0.03664439544081688
        ],
        [
          "images",
          0.03643530607223511
        ],
        [
          "assessment",
          0.03610457107424736
        ],
        [
          "non",
          0.034033387899398804
        ]
      ],